0;0;0;0;x;x;
1;42;3;128;MOUNT WILLIAM;x;
2;84;6;1;SCOTTSDALE;x;
3;126;9;129;ST HELENS;x;
4;168;12;2;ST MARYS;x;
5;0;15;130;AVOCA;x;
6;168;45;177;LAUNCESTON;x;
7;84;21;131;GEORGE TOWN;x;
8;126;24;4;BICHELO;x;
9;168;27;132;SWANSEA;x;
10;0;30;5;CAMPBELL TOWN;x;
11;42;33;133;POATINA;x;
12;84;36;6;DELORAINE;x;
13;126;39;134;BEAUTY POINT;x;
14;168;42;7;DEVONPORT;x;
15;0;45;135;BURNIE;x;
16;42;48;8;MOINA;x;
17;84;51;136;WYNYARD;x;
18;126;54;9;SMITHTON;x;
19;168;57;137;TROWUTTA;x;
20;0;60;10;WARATAH;x;
21;42;63;138;ZEEHAN;x;
22;84;66;11;QUEENSTOWN;x;
23;126;69;139;CRADLE MOUNTAIN;x;
24;168;72;12;BRONTE PARK;x;
25;0;75;140;BREONA;x;
26;42;78;13;GREAT LAKE;x;
27;126;84;14;WEST COAST RANGE;x;
28;84;81;141;MACQUARIE HARBOUR;x;
29;168;87;142;STRATHGORDON;x;
30;0;90;15;GEEVESTON;x;
31;42;93;143;NEW NORFOLK;x;
32;84;96;16;HUONVILLE;x;
33;126;99;144;HOBART;x;
34;168;102;17;BRIGHTON;x;
35;0;105;145;CLEARANCE;x;
36;42;108;18;KEMPTON;x;
37;84;111;146;DODGES FERRY;x;
38;126;114;19;PORT ARTHUR;x;
39;168;117;147;TRIABUNNA;x;
40;0;120;20;OATLANDS;x;
41;42;123;148;LEMONT;x;
42;84;126;21;BRUNY;x;
43;126;129;149;MIENA;x;
44;168;132;22;TARRALEAH;x;
45;0;135;150;OUSE;x;
46;42;138;23;FOLLETT;x;
47;84;141;151;FOLLETT 1;x;
48;126;144;24;NORMANBY;x;
49;168;147;152;NORMANBY 1;x;
50;0;150;25;NORMANBY 2;x;
51;42;153;153;VILLIERS;x;
52;84;156;26;VILLIERS 1;x;
53;126;159;154;VILLIERS 2;x;
54;168;162;27;HEYTESBURY;x;
55;0;165;155;HEYTESBURY 1;x;
56;42;168;28;POLWARTH;x;
57;84;171;156;POLWARTH 1;x;
58;126;174;29;POLWARTH 2;x;
59;168;177;157;GRANT;x;
60;0;180;30;GRANT 1;x;
61;42;183;158;GRANT 2;x;
62;84;186;31;GRANT 3;x;
63;126;189;159;GRENVILLE;x;
64;168;192;32;GRENVILLE 1;x;
65;0;195;160;GRENVILLE 2;x;
66;42;198;33;HAMPDEN;x;
67;84;201;161;HAMPDEN 1;x;
68;126;204;34;RIPON;x;
69;168;207;162;RIPON 1;x;
70;0;210;35;RIPON 2;x;
71;42;0;163;DUNDAS;x;
72;84;3;36;DUNDAS 1;x;
73;126;6;164;DUNDAS 2;x;
74;168;9;37;LOWAN;x;
75;0;12;165;LOWAN 1;x;
76;42;15;38;LOWAN 2;x;
77;84;18;166;WEEAH;x;
78;126;21;39;WEEAH 1;x;
79;168;24;167;MILLEWA;x;
80;0;27;40;MILLEWA 1;x;
81;42;30;168;KARKAROOC;x;
82;84;33;41;KARKAROOC 1;x;
83;126;36;169;KARKAROOC 2;x;
84;168;39;42;KARKAROOC 3;x;
85;0;42;170;BORUNG;x;
86;42;45;43;BORUNG 1;x;
87;84;48;171;BORUNG 2;x;
88;126;51;44;KARA KARA;x;
89;168;54;172;KARA KARA 1;x;
90;0;57;45;TATCHERA;x;
91;42;60;173;TATCHERA 1;x;
92;84;63;46;WEDDERBURN;x;
93;126;66;174;WEDDERBURN 1;x;
94;168;69;47;TALBOT;x;
95;0;72;175;TALBOT 1;x;
96;42;75;48;TALBOT 2;x;
97;84;78;176;BENDIGO;x;
98;126;81;49;BENDIGO 1;x;
99;168;84;177;BENDIGO 2;x;
100;0;87;50;GUNBOWER;x;
101;42;90;178;GUNBOWER 1;x;
102;84;93;51;RODNEY;x;
103;126;96;179;RODNEY 1;x;
104;168;99;52;RODNEY 2;x;
105;0;102;180;DALHOUSIE;x;
106;42;105;53;DALHOUSIE 1;x;
107;84;108;181;BOURKE;x;
108;126;111;54;BOURKE 1;x;
109;168;114;182;BOURKE 2;x;
110;0;117;55;BOURKE 3;x;
111;42;120;183;BOURKE 4;x;
112;84;123;56;MORNINGTON;x;
113;126;126;184;MORNINGTON 1;x;
114;168;129;57;MORNINGTON 2;x;
115;0;132;185;EVELYN;x;
116;42;135;58;EVELYN 1;x;
117;84;138;186;ANGLESEY;x;
118;126;141;59;ANGLESEY 1;x;
119;168;144;187;ANGLESEY 2;x;
120;0;147;60;DELATITE;x;
121;42;150;188;DELATITE 1;x;
122;84;153;61;DELATITE 2;x;
123;126;156;189;DELATITE 3;x;
124;168;159;62;MOIRA;x;
125;0;162;190;MOIRA 1;x;
126;42;165;63;MOIRA 2;x;
127;84;168;191;MOIRA 3;x;
128;126;171;64;BOGONG;x;
129;168;174;192;BOGONG 1;x;
130;0;177;65;BOGONG 2;x;
131;42;180;193;BENAMBRA;x;
132;84;183;66;BENAMBRA 1;x;
133;126;186;194;BENAMBRA 2;x;
134;168;189;67;LAKES ENTRANCE;x;
135;0;192;195;LAKES ENTRANCE 1;x;
136;42;195;68;LAKES ENTRANCE 2;x;
137;84;198;196;CROAJINGOLONG;x;
138;126;201;69;CROAJINGOLONG 1;x;
139;168;204;197;CROAJINGOLONG 2;x;
140;0;207;70;CROAJINGOLONG 3;x;
141;42;210;198;DARGO;x;
142;84;0;71;DARGO 1;x;
143;126;3;199;WONNANGATTA;x;
144;168;6;72;WONNANGATTA 1;x;
145;0;9;200;TANJIL;x;
146;42;12;73;TANJIL 1;x;
147;84;15;201;TANJIL 2;x;
148;126;18;74;BULN BULN;x;
149;168;21;202;BULN BULN 1;x;
150;0;24;75;BULN BULN 2;x;
151;42;27;203;BULN BULN 3;x;
152;84;30;76;BULN BULN 4;x;
153;126;33;204;sea_melbourne;x;
154;168;36;77;sea_bass;x;
155;0;39;205;sea_furneaux;x;
156;42;42;78;sea_victoria;x;
157;84;45;206;sea_savage;x;
158;126;48;79;sea_montgomery;x;
159;168;51;207;sea_kent;x;
160;0;54;80;sea_arthur;x;
161;42;57;208;sea_derwent;x;
162;84;60;81;sea_dorset;x;
163;126;63;209;sea_gippsland;x;
164;168;66;82;sea_otway;x;
165;0;69;210;sea_1;x;
166;42;72;83;sea_2;x;
167;84;75;211;sea_3;x;
168;126;78;84;sea_4;x;
169;168;81;212;sea_5;x;
170;0;84;85;sea_6;x;
171;42;87;213;sea_7;x;
172;84;90;86;sea_8;x;
173;126;93;214;sea_9;x;
174;168;96;87;sea_10;x;
175;0;99;215;sea_11;x;
176;42;102;88;sea_12;x;
177;84;105;216;sea_13;x;
178;126;108;89;sea_14;x;
179;168;111;217;sea_15;x;
180;0;114;90;sea_16;x;
181;42;117;218;sea_17;x;
182;84;120;91;sea_18;x;
183;126;123;219;sea_19;x;
184;168;126;92;sea_20;x;
185;0;129;220;sea_21;x;
186;42;132;93;sea_22;x;
187;84;135;221;sea_23;x;
188;126;138;94;sea_24;x;
189;168;141;222;sea_25;x;
190;0;144;95;sea_26;x;
191;42;147;223;sea_27;x;
192;84;150;96;sea_28;x;
193;126;153;224;sea_29;x;
194;168;156;97;sea_30;x;
195;0;159;225;sea_31;x;
196;42;162;98;sea_32;x;
197;84;165;226;sea_33;x;
198;126;168;99;sea_34;x;
199;168;171;227;sea_35;x;
200;0;174;0;sea_36;x;
201;42;177;128;sea_37;x;
202;84;180;1;sea_38;x;
203;126;183;129;sea_39;x;
204;168;186;2;sea_40;x;
205;0;189;130;sea_41;x;
206;42;192;3;sea_42;x;
207;84;195;131;sea_43;x;
208;126;198;4;sea_44;x;
209;168;201;132;sea_45;x;
210;0;204;5;sea_46;x;
211;42;207;133;sea_47;x;
212;84;210;6;sea_48;x;
213;126;0;134;sea_49;x;
214;168;3;7;sea_50;x;
215;0;6;135;sea_51;x;
216;42;9;8;sea_52;x;
217;84;12;136;sea_53;x;
218;126;15;9;sea_54;x;
219;168;18;137;sea_55;x;
220;0;21;10;sea_56;x;
221;42;24;138;sea_57;x;
222;84;27;11;sea_58;x;
223;126;30;139;sea_59;x;
224;168;33;12;sea_60;x;
225;0;36;140;sea_61;x;
226;42;39;13;sea_62;x;
227;84;42;141;sea_63;x;
228;126;45;14;sea_64;x;
229;168;48;142;sea_65;x;
230;0;51;15;sea_66;x;
231;42;54;143;sea_67;x;
232;84;57;16;sea_68;x;
233;126;60;144;sea_69;x;
234;168;63;17;sea_70;x;
235;0;66;145;sea_71;x;
236;42;69;18;sea_72;x;
237;84;72;146;sea_73;x;
238;126;75;19;sea_74;x;
239;168;78;147;sea_75;x;
240;0;81;20;sea_76;x;
241;42;84;148;sea_77;x;
242;84;87;21;sea_78;x;
243;126;138;49;sea_79;x;
244;168;93;22;sea_impassable80;x;
245;0;96;150;sea_81;x;
246;42;99;23;sea_82;x;
247;84;102;151;sea_83;x;
248;126;105;24;sea_84;x;
249;168;108;152;sea_85;x;
250;0;111;25;sea_86;x;
251;42;114;153;sea_87;x;
252;84;117;26;sea_88;x;
253;126;120;154;sea_89;x;
254;168;123;27;sea_90;x;
255;0;126;155;sea_91;x;
256;42;129;28;sea_92;x;
257;84;132;156;sea_93;x;
258;126;135;29;sea_94;x;
259;168;138;157;sea_95;x;
260;0;141;30;sea_96;x;
261;42;144;158;sea_97;x;
262;84;147;31;sea_98;x;
263;126;150;159;sea_99;x;
264;168;153;32;sea_100;x;
265;0;156;160;sea_101;x;
266;42;159;33;sea_102;x;
267;84;162;161;sea_103;x;
268;126;165;34;sea_104;x;
269;168;168;162;sea_105;x;
270;0;171;35;sea_106;x;
271;42;174;163;sea_107;x;
272;84;177;36;sea_108;x;
273;126;180;164;sea_109;x;
274;168;183;37;sea_110;x;
275;0;186;165;sea_111;x;
276;42;189;38;sea_112;x;
277;84;192;166;sea_113;x;
278;126;195;39;sea_114;x;
279;168;198;167;sea_115;x;
280;0;201;40;sea_116;x;
281;42;204;168;sea_117;x;
282;84;207;41;sea_118;x;
283;126;210;169;sea_119;x;
284;168;0;42;sea_120;x;
285;0;3;170;sea_121;x;
286;42;6;43;sea_122;x;
287;84;9;171;sea_123;x;
288;126;12;44;sea_124;x;
289;168;15;172;sea_125;x;
290;0;18;45;sea_126;x;
291;42;21;173;sea_127;x;
292;84;24;46;sea_128;x;
293;126;27;174;sea_129;x;
294;168;30;47;sea_130;x;
295;0;33;175;sea_131;x;
296;42;36;48;sea_132;x;
297;84;39;176;sea_133;x;
298;126;42;49;sea_134;x;
299;43;81;138;sea_135;x;
300;0;48;50;sea_136;x;
301;42;51;178;sea_137;x;
302;84;54;51;sea_138;x;
303;126;57;179;sea_139;x;
304;168;60;52;sea_140;x;
305;0;63;180;sea_141;x;
306;42;66;53;sea_142;x;
307;84;69;181;sea_143;x;
308;126;72;54;sea_144;x;
309;168;75;182;sea_145;x;
310;0;78;55;sea_146;x;
311;42;81;183;sea_147;x;
312;84;84;56;sea_148;x;
313;126;87;184;sea_149;x;
314;168;90;57;sea_150;x;
315;0;93;185;sea_151;x;
316;42;96;58;sea_152;x;
317;84;99;186;sea_153;x;
318;126;102;59;sea_154;x;
319;168;105;187;sea_155;x;
320;0;108;60;sea_156;x;
321;42;111;188;sea_157;x;
322;84;114;61;sea_158;x;
323;126;117;189;sea_159;x;
324;168;120;62;sea_160;x;
325;0;123;190;sea_161;x;
326;42;126;63;sea_162;x;
327;84;129;191;sea_163;x;
328;126;132;64;sea_164;x;
329;168;135;192;sea_165;x;
330;0;138;65;sea_166;x;
331;42;141;193;sea_167;x;
332;84;144;66;sea_168;x;
333;126;147;194;sea_169;x;
334;168;150;67;sea_170;x;
335;0;153;195;sea_171;x;
336;42;156;68;sea_172;x;
337;84;159;196;sea_173;x;
338;126;162;69;sea_174;x;
339;168;165;197;sea_175;x;
340;0;168;70;sea_176;x;
341;42;171;198;sea_177;x;
342;84;174;71;sea_178;x;
343;126;177;199;sea_179;x;
344;168;180;72;sea_180;x;
345;0;183;200;sea_181;x;
346;42;186;73;sea_182;x;
347;84;189;201;sea_183;x;
348;126;192;74;sea_184;x;
349;168;195;202;sea_185;x;
350;0;198;75;sea_186;x;
351;42;201;203;sea_187;x;
352;84;204;76;sea_188;x;
353;126;207;204;sea_189;x;
354;168;210;77;sea_190;x;
355;0;0;205;sea_191;x;
356;42;3;78;sea_192;x;
357;84;6;206;sea_193;x;
358;126;9;79;sea_194;x;
359;168;12;207;sea_195;x;
360;0;15;80;sea_196;x;
361;42;18;208;sea_197;x;
362;84;21;81;sea_198;x;
363;126;24;209;sea_199;x;
364;168;27;82;sea_200;x;
365;0;30;210;sea_201;x;
366;42;33;83;sea_202;x;
367;84;36;211;sea_203;x;
368;126;39;84;sea_204;x;
369;168;42;212;sea_205;x;
370;0;45;85;sea_206;x;
371;42;48;213;sea_207;x;
372;84;51;86;sea_208;x;
373;126;54;214;sea_209;x;
374;168;57;87;sea_210;x;
375;0;60;215;sea_211;x;
376;42;63;88;sea_212;x;
377;84;66;216;sea_213;x;
378;126;69;89;sea_214;x;
379;168;72;217;sea_215;x;
380;0;75;90;sea_216;x;
381;42;78;218;sea_217;x;
382;84;81;91;sea_218;x;
383;126;84;219;sea_219;x;
384;168;87;92;sea_220;x;
385;0;90;220;sea_221;x;
386;42;93;93;sea_222;x;
387;84;96;221;sea_223;x;
388;126;99;94;sea_224;x;
389;168;102;222;sea_225;x;
390;0;105;95;sea_226;x;
391;42;108;223;sea_227;x;
392;84;111;96;sea_228;x;
393;126;114;224;sea_229;x;
394;168;117;97;sea_230;x;
395;0;120;225;sea_231;x;
396;42;123;98;sea_232;x;
397;84;126;226;sea_233;x;
398;126;129;99;sea_234;x;
399;168;132;227;sea_235;x;
400;0;135;0;sea_236;x;
401;42;138;128;sea_237;x;
402;84;141;1;sea_238;x;
403;126;144;129;sea_239;x;
404;168;147;2;sea_240;x;
405;0;150;130;sea_241;x;
406;42;153;3;sea_242;x;
407;84;156;131;sea_243;x;
408;126;159;4;sea_244;x;
409;168;162;132;sea_245;x;
410;0;165;5;sea_246;x;
411;42;168;133;sea_247;x;
412;84;171;6;sea_248;x;
413;126;174;134;sea_249;x;
414;168;177;7;sea_250;x;
415;0;180;135;sea_251;x;
416;42;183;8;sea_252;x;
417;84;186;136;sea_253;x;
418;126;189;9;sea_254;x;
419;168;192;137;sea_255;x;
420;0;195;10;sea_256;x;
421;42;198;138;sea_257;x;
422;84;201;11;sea_258;x;
423;126;204;139;sea_259;x;
424;168;207;12;sea_260;x;
425;0;210;140;sea_261;x;
426;42;0;13;sea_262;x;
427;84;3;141;sea_263;x;
428;126;6;14;sea_264;x;
429;168;9;142;sea_265;x;
430;0;12;15;sea_266;x;
431;42;15;143;sea_267;x;
432;84;18;16;sea_268;x;
433;42;87;63;sea_269;x;
434;168;24;17;sea_270;x;
435;0;27;145;sea_271;x;
436;42;30;18;sea_272;x;
437;84;33;146;sea_273;x;
438;126;36;19;sea_impassable274;x;
439;168;39;147;sea_impassable275;x;
440;0;42;20;sea_impassable276;x;
441;42;45;148;AUCKLAND;x;
442;84;48;21;AUCKLAND 1;x;
443;126;51;149;AUCKLAND 2;x;
444;168;54;22;WELLESLEY;x;
445;0;57;150;WELLESLEY 1;x;
446;42;60;23;WELLESLEY 2;x;
447;84;63;151;WALLACE;x;
448;126;66;24;WALLACE 1;x;
449;168;69;152;WALLACE 2;x;
450;0;72;25;BERESFORD;x;
451;42;75;153;BERESFORD 1;x;
452;84;78;26;DAMPIER;x;
453;126;81;154;DAMPIER 1;x;
454;168;84;27;DAMPIER 2;x;
455;0;87;155;COWLEY;x;
456;42;90;28;COWLEY 1;x;
457;84;93;156;CANBERRA;x;
458;126;96;29;CANBERRA 1;x;
459;168;99;157;MURRAY;x;
460;0;102;30;MURRAY 1;x;
461;42;105;158;ST VINCENT;x;
462;84;108;31;ST VINCENT 1;x;
463;126;111;159;ST VINCENT 2;x;
464;168;114;32;ST VINCENT 3;x;
465;0;117;160;ARGYLE;x;
466;42;120;33;ARGYLE 1;x;
467;84;123;161;ARGYLE 2;x;
468;126;126;34;ARGYLE 3;x;
469;168;129;162;KING;x;
470;0;132;35;KING 1;x;
471;42;135;163;KING 2;x;
472;84;138;36;CAMDEN;x;
473;126;141;164;CAMDEN 1;x;
474;168;144;37;CAMDEN 2;x;
475;0;147;165;CAMDEN 3;x;
476;42;150;38;OBERON;x;
477;84;153;166;OBERON 1;x;
478;126;156;39;OBERON 2;x;
479;168;159;167;GEORGIANA;x;
480;0;162;40;GEORGIANA 1;x;
481;42;165;168;BATHURST;x;
482;84;168;41;BATHURST 1;x;
483;126;171;169;BATHURST 2;x;
484;168;174;42;WELLINGTON;x;
485;0;177;170;WELLINGTON 1;x;
486;42;180;43;WELLINGTON 2;x;
487;84;183;171;ROXBURGH;x;
488;126;186;44;ROXBURGH 1;x;
489;168;189;172;COOK;x;
490;0;192;45;COOK 1;x;
491;42;195;173;COOK 2;x;
492;84;198;46;BOTANY;x;
493;126;201;174;SYDNEY;x;
494;168;204;47;MACARTHUR;x;
495;0;207;175;PENRITH;x;
496;42;210;48;NORTHUMBERLAND;x;
497;84;0;176;NORTHUMBERLAND 1;x;
498;126;3;49;NORTHUMBERLAND 2;x;
499;168;6;177;NORTHUMBERLAND 3;x;
500;0;9;50;HUNTER;x;
501;42;12;178;HUNTER 1;x;
502;84;15;51;PHILLIP;x;
503;126;18;179;PHILLIP 1;x;
504;168;21;52;PHILLIP 2;x;
505;0;24;180;BLIGH;x;
506;42;27;53;BLIGH 1;x;
507;84;30;181;SCONE;x;
508;126;33;54;SCONE 1;x;
509;168;36;182;SCONE 2;x;
510;0;39;55;MUSWELLBROOK;x;
511;42;42;183;MUSWELLBROOK 1;x;
512;84;45;56;MUSWELLBROOK 2;x;
513;126;48;184;GLOUCESTER;x;
514;168;51;57;GLOUCESTER 1;x;
515;0;54;185;GLOUCESTER 2;x;
516;42;57;58;GLOUCESTER 3;x;
517;84;60;186;GLOUCESTER 4;x;
518;126;63;59;MACQUARIE;x;
519;168;66;187;MACQUARIE 1;x;
520;0;69;60;MACQUARIE 2;x;
521;42;72;188;MACQUARIE 3;x;
522;84;75;61;HAWES;x;
523;126;78;189;HAWES 1;x;
524;168;81;62;HAWES 2;x;
525;0;84;190;DUDLEY;x;
526;126;21;144;DUDLEY 1;x;
527;84;90;191;VERNON;x;
528;126;93;64;VERNON 1;x;
529;168;96;192;VERNON 2;x;
530;0;99;65;SANDON;x;
531;42;102;193;SANDON 1;x;
532;84;105;66;CLARKE;x;
533;126;108;194;CLARKE 1;x;
534;168;111;67;CLARKE 2;x;
535;0;114;195;RALEIGH;x;
536;42;117;68;RALEIGH 1;x;
537;84;120;196;FITZROY;x;
538;126;123;69;FITZROY 1;x;
539;168;126;197;FITZROY 2;x;
540;0;129;70;FITZROY 3;x;
541;42;132;198;GRESHAM;x;
542;84;135;71;GRESHAM 1;x;
543;126;138;199;DRAKE;x;
544;168;141;72;DRAKE 1;x;
545;0;144;200;DRAKE 2;x;
546;42;147;73;CLARENCE;x;
547;84;150;201;CLARENCE 1;x;
548;126;153;74;CLARENCE 2;x;
549;168;156;202;RICHMOND VALLEY;x;
550;0;159;75;RICHMOND VALLEY 1;x;
551;42;162;203;ROUS;x;
552;84;165;76;ROUS 1;x;
553;126;168;204;ROUS 2;x;
554;168;171;77;ROUS 3;x;
555;0;174;205;BULLER;x;
556;42;177;78;BULLER 1;x;
557;84;180;206;CLIVE;x;
558;126;183;79;CLIVE 1;x;
559;168;186;207;CLIVE 2;x;
560;0;189;80;CLIVE 3;x;
561;42;192;208;GOUGH;x;
562;84;195;81;GOUGH 1;x;
563;126;198;209;GOUGH 2;x;
564;168;201;82;HARDINGE;x;
565;0;204;210;HARDINGE 1;x;
566;42;207;83;DARLING;x;
567;84;210;211;DARLING 1;x;
568;126;0;84;INGLIS;x;
569;168;3;212;PARRY;x;
570;0;6;85;BUCKLAND;x;
571;42;9;213;POTTINGER;x;
572;84;12;86;POTTINGER 1;x;
573;126;15;214;POTTINGER 2;x;
574;168;18;87;NANDEWAR;x;
575;0;21;215;NANDEWAR 1;x;
576;42;24;88;MURCHISON;x;
577;84;27;216;MURCHISON 1;x;
578;126;30;89;MURCHISON 2;x;
579;168;33;217;ARRAWATTA;x;
580;0;36;90;ARRAWATTA 1;x;
581;42;39;218;ARRAWATTA 2;x;
582;84;42;91;BURNETT;x;
583;126;45;219;BURNETT 1;x;
584;168;48;92;BURNETT 2;x;
585;0;51;220;STAPYLTON;x;
586;42;54;93;STAPYLTON 1;x;
587;84;57;221;STAPYLTON 2;x;
588;126;60;94;COURALLIE;x;
589;168;63;222;COURALLIE 1;x;
590;0;66;95;BENARBA;x;
591;42;69;223;BENARBA 1;x;
592;84;72;96;BENARBA 2;x;
593;126;75;224;BENARBA 3;x;
594;168;78;97;JAMISON;x;
595;0;81;225;JAMISON 1;x;
596;42;84;98;JAMISON 2;x;
597;84;87;226;JAMISON 3;x;
598;126;90;99;JAMISON 4;x;
599;168;93;227;WHITE;x;
600;0;96;0;WHITE 1;x;
601;42;99;128;WHITE 2;x;
602;84;102;1;WHITE 3;x;
603;126;105;129;NAPIER;x;
604;168;108;2;NAPIER 1;x;
605;0;111;130;NAPIER 2;x;
606;42;114;3;LINCOLN;x;
607;84;117;131;LINCOLN 1;x;
608;126;120;4;LINCOLN 2;x;
609;168;123;132;GORDON;x;
610;0;126;5;GORDON 1;x;
611;42;129;133;ASHBURNHAM;x;
612;84;132;6;ASHBURNHAM 1;x;
613;126;135;134;ASHBURNHAM 2;x;
614;168;138;7;ASHBURNHAM 3;x;
615;0;141;135;FORBES;x;
616;42;144;8;FORBES 1;x;
617;84;147;136;MONTEAGLE;x;
618;126;150;9;MONTEAGLE 1;x;
619;168;153;137;HARDEN;x;
620;0;156;10;HARDEN 1;x;
621;42;159;138;HARDEN 2;x;
622;84;162;11;BUCCLEUCH;x;
623;126;165;139;BUCCLEUCH 1;x;
624;168;168;12;SELWYN;x;
625;0;171;140;SELWYN 1;x;
626;42;174;13;SELWYN 2;x;
627;84;177;141;SELWYN 3;x;
628;126;180;14;WAGGA WAGGA;x;
629;168;183;142;WAGGA WAGGA 1;x;
630;0;186;15;WAGGA WAGGA 2;x;
631;42;189;143;CLARENDON;x;
632;84;192;16;CLARENDON 1;x;
633;126;195;144;BLAND;x;
634;168;198;17;BLAND 1;x;
635;0;201;145;BLAND 2;x;
636;42;204;18;GIPPS;x;
637;84;207;146;GIPPS 1;x;
638;126;210;19;GIPPS 2;x;
639;168;0;147;CUNNINGHAM;x;
640;0;3;20;CUNNINGHAM 1;x;
641;42;6;148;KENNEDY;x;
642;84;9;21;KENNEDY 1;x;
643;126;12;149;NARROMINE;x;
644;168;15;22;NARROMINE 1;x;
645;0;18;150;NARROMINE 2;x;
646;42;21;23;EWENMAR;x;
647;84;24;151;EWENMAR 1;x;
648;126;27;24;EWENMAR 2;x;
649;168;30;152;GOWEN;x;
650;0;33;25;GOWEN 1;x;
651;42;36;153;GOWEN 2;x;
652;84;39;26;GOWEN 3;x;
653;126;42;154;BARADINE;x;
654;168;45;27;BARADINE 1;x;
655;0;48;155;BARADINE 2;x;
656;42;51;28;BARADINE 3;x;
657;84;54;156;LEICHARDT;x;
658;126;57;29;LEICHARDT 1;x;
659;168;60;157;LEICHARDT 2;x;
660;0;63;30;DENHAM;x;
661;42;66;158;DENHAM 1;x;
662;84;69;31;DENHAM 2;x;
663;126;72;159;FINCH;x;
664;168;75;32;FINCH 1;x;
665;0;78;160;FINCH 2;x;
666;42;81;33;FINCH 3;x;
667;84;84;161;NARRAN;x;
668;126;87;34;NARRAN 1;x;
669;168;90;162;NARRAN 2;x;
670;0;93;35;SOUTH CULGOA;x;
671;42;96;163;SOUTH CULGOA 1;x;
672;84;99;36;SOUTH CULGOA 2;x;
673;126;102;164;GUNDERBOOKA;x;
674;168;105;37;GUNDERBOOKA 1;x;
675;0;108;165;IRRARA;x;
676;42;111;38;IRRARA 1;x;
677;84;114;166;IRRARA 2;x;
678;126;117;39;IRRARA 3;x;
679;168;120;167;BARRONA;x;
680;0;123;40;BARRONA 1;x;
681;42;126;168;THOULCANNA;x;
682;84;129;41;THOULCANNA 1;x;
683;126;132;169;ULARARA;x;
684;168;135;42;ULARARA 1;x;
685;0;138;170;DELALAH;x;
686;42;141;43;TONGOWOKO;x;
687;84;144;171;TONGOWOKO 1;x;
688;126;147;44;YANTARA;x;
689;168;150;172;YANTARA 1;x;
690;0;153;45;YANTARA 2;x;
691;42;156;173;POOLE;x;
692;84;159;46;POOLE 1;x;
693;126;162;174;EVLYN;x;
694;168;165;47;EVLYN 1;x;
695;0;168;175;EVLYN 2;x;
696;42;171;48;FARNELL;x;
697;84;174;176;FARNELL 1;x;
698;126;177;49;FARNELL 2;x;
699;168;180;177;MOOTWINGEE;x;
700;0;183;50;MOOTWINGEE 1;x;
701;42;186;178;MOOTWINGEE 2;x;
702;84;189;51;YUNGNULGRA;x;
703;126;192;179;YUNGNULGRA 1;x;
704;168;195;52;YUNGNULGRA 2;x;
705;0;198;180;FITZGERLALD;x;
706;42;201;53;FITZGERLALD 1;x;
707;84;204;181;KILLARA;x;
708;126;207;54;KILLARA 1;x;
709;168;210;182;KILLARA 2;x;
710;0;0;55;LANDSBOROUGH;x;
711;42;3;183;LANDSBOROUGH 1;x;
712;84;6;56;YANDA;x;
713;126;9;184;YANDA 1;x;
714;168;12;57;COWPER;x;
715;0;15;185;COWPER 1;x;
716;42;18;58;COWPER 2;x;
717;84;21;186;COWPER 3;x;
718;126;24;59;COWPER 4;x;
719;168;27;187;CLYDE;x;
720;0;30;60;CLYDE 1;x;
721;42;33;188;CLYDE 2;x;
722;84;36;61;GREGORY;x;
723;126;39;189;GREGORY 1;x;
724;168;42;62;GREGORY 2;x;
725;0;45;190;OXLEY;x;
726;42;48;63;FLINDERS;x;
727;84;51;191;CANBELEGO;x;
728;126;54;64;CANBELEGO 1;x;
729;168;57;192;ROBINSON;x;
730;0;60;65;ROBINSON 1;x;
731;42;63;193;ROBINSON 2;x;
732;84;66;66;BOOROONDARRA;x;
733;126;69;194;BOOROONDARRA 1;x;
734;168;72;67;RANKIN;x;
735;0;75;195;RANKIN 1;x;
736;42;78;68;RANKIN 2;x;
737;84;81;196;WERUNDA;x;
738;126;84;69;WERUNDA 1;x;
739;168;87;197;WERUNDA 2;x;
740;0;90;70;YOUNG;x;
741;42;93;198;YOUNG 1;x;
742;84;96;71;YOUNG 2;x;
743;126;99;199;YOUNG 3;x;
744;168;102;72;TANDORA;x;
745;0;105;200;TANDORA 1;x;
746;42;108;73;TANDORA 2;x;
747;84;111;201;YANCOWINNA;x;
748;126;114;74;YANCOWINNA 1;x;
749;168;117;202;MENINDEE;x;
750;0;120;75;MENINDEE 1;x;
751;42;123;203;LIVINGSTONE;x;
752;84;126;76;LIVINGSTONE 1;x;
753;126;129;204;LIVINGSTONE 2;x;
754;168;132;77;LIVINGSTONE 3;x;
755;0;135;205;WOORE;x;
756;42;138;78;WOORE 1;x;
757;84;141;206;WOORE 2;x;
758;126;144;79;MOSSGIEL;x;
759;168;147;207;MOSSGIEL 1;x;
760;0;150;80;MOSSGIEL 2;x;
761;42;153;208;MOSSGIEL 3;x;
762;84;156;81;BLAXLAND;x;
763;126;159;209;BLAXLAND 1;x;
764;168;162;82;BLAXLAND 2;x;
765;0;165;210;BLAXLAND 3;x;
766;42;168;83;MOURAMBA;x;
767;84;171;211;MOURAMBA 1;x;
768;126;174;84;MOURAMBA 2;x;
769;168;177;212;DOWLING;x;
770;0;180;85;DOWLING 1;x;
771;42;183;213;NICHOLSON;x;
772;84;186;86;NICHOLSON 1;x;
773;126;189;214;FRANKLIN;x;
774;168;192;87;WALJEERS;x;
775;0;195;215;WALJEERS 1;x;
776;42;198;88;MANARA;x;
777;84;201;216;MANARA 1;x;
778;126;204;89;MANARA 2;x;
779;168;207;217;PERRY;x;
780;0;210;90;PERRY 1;x;
781;42;0;218;PERRY 2;x;
782;84;3;91;WINDEYER;x;
783;126;6;219;WINDEYER 1;x;
784;168;9;92;WINDEYER 2;x;
785;0;12;220;TARAWI;x;
786;42;15;93;TARAWI 1;x;
787;84;18;221;TARAWI 2;x;
788;126;21;94;WENTWORTH;x;
789;168;24;222;WENTWORTH 1;x;
790;0;27;95;WENTWORTH 2;x;
791;42;30;223;TAILA;x;
792;84;33;96;TAILA 1;x;
793;126;36;224;TAILA 2;x;
794;168;39;97;KILFERA;x;
795;0;42;225;KILFERA 1;x;
796;42;45;98;KILFERA 2;x;
797;84;48;226;CAIRA;x;
798;126;51;99;CAIRA 1;x;
799;168;54;227;CAIRA 2;x;
800;0;57;0;CAIRA 3;x;
801;42;60;128;WARADGERY;x;
802;84;63;1;WARADGERY 1;x;
803;126;66;129;WARADGERY 2;x;
804;168;69;2;WARADGERY 3;x;
805;0;72;130;STURT;x;
806;42;75;3;STURT 1;x;
807;84;78;131;BOYD;x;
808;126;81;4;BOYD 1;x;
809;168;84;132;COOPER;x;
810;0;87;5;COOPER 1;x;
811;42;90;133;COOPER 2;x;
812;84;93;6;COOPER 3;x;
813;126;96;134;THE ROCK;x;
814;168;99;7;THE ROCK 1;x;
815;0;102;135;THE ROCK 2;x;
816;42;105;8;BURKE;x;
817;84;108;136;BURKE 1;x;
818;126;111;9;BURKE 2;x;
819;168;114;137;GOULBURN;x;
820;0;117;10;GOULBURN 1;x;
821;42;120;138;GOULBURN 2;x;
822;84;123;11;HUME;x;
823;126;126;139;HUME 1;x;
824;168;129;12;HUME 2;x;
825;0;132;140;URANA;x;
826;42;135;13;URANA 1;x;
827;84;138;141;URANA 2;x;
828;126;141;14;URANA 3;x;
829;168;144;142;DENISON;x;
830;0;147;15;DENISON 1;x;
831;42;150;143;DENISON 2;x;
832;84;153;16;TOWNSEND;x;
833;126;156;144;TOWNSEND 1;x;
834;168;159;17;TOWNSEND 2;x;
835;0;162;145;TOWNSEND 3;x;
836;42;165;18;TOWNSEND 4;x;
837;84;168;146;CADELL;x;
838;126;171;19;CADELL 1;x;
839;168;174;147;CADELL 2;x;
840;0;177;20;WAKOOL;x;
841;42;180;148;WAKOOL 1;x;
842;84;183;21;WAKOOL 2;x;
843;126;186;149;WAKOOL 3;x;
844;168;189;22;GREY;x;
845;0;192;150;GREY 1;x;
846;42;195;23;ROBE;x;
847;84;198;151;ROBE 1;x;
848;0;3;225;MACDONNELL;x;
849;126;201;24;MACDONNELL 1;x;
850;168;96;42;COORONG;x;
851;84;9;226;COORONG 1;x;
852;85;84;11;NGARKAT;x;
853;127;87;139;NGARKAT 1;x;
854;169;90;12;NGARKAT 2;x;
855;126;135;84;CHANDOS;x;
856;168;138;212;CHANDOS 1;x;
857;0;141;85;CHANDOS 2;x;
858;42;144;213;CONEYBEER;x;
859;84;147;86;CONEYBEER 1;x;
860;126;150;214;CONEYBEER 2;x;
861;168;153;87;CONEYBEER 3;x;
862;0;156;215;ALEXANDRINA;x;
863;42;159;88;ALEXANDRINA 1;x;
864;84;162;216;ALEXANDRINA 2;x;
865;126;165;89;MURRAY BRIDGE;x;
866;168;168;217;MURRAY BRIDGE 1;x;
867;0;171;90;MURRAY BRIDGE 2;x;
868;42;174;218;HINDMARSH;x;
869;84;177;91;HINDMARSH 1;x;
870;126;180;219;HINDMARSH 2;x;
871;168;183;92;KANGAROO ISLAND;x;
872;0;186;220;KANGAROO ISLAND 1;x;
873;42;189;93;KANGAROO ISLAND 2;x;
874;84;192;221;KANGAROO ISLAND 3;x;
875;126;195;94;KANGAROO ISLAND 4;x;
876;168;198;222;ADELAIDE;x;
877;0;201;95;ADELAIDE 1;x;
878;42;204;223;ADELAIDE 2;x;
879;84;207;96;ADELAIDE 3;x;
880;126;210;224;FERGUSON;x;
881;168;0;97;FERGUSON 1;x;
882;168;123;82;FERGUSON 2;x;
883;126;120;209;FERGUSON 3;x;
884;126;3;154;FERGUSON 4;x;
885;84;117;81;DALY;x;
886;168;15;227;DALY 1;x;
887;1;18;0;DALY 2;x;
888;43;21;128;GAWLER;x;
889;85;24;1;GAWLER 1;x;
890;127;27;129;LIGHT;x;
891;169;30;2;EYRE;x;
892;1;33;130;EYRE 1;x;
893;43;36;3;EYRE 2;x;
894;43;96;13;ALBERT;x;
895;127;42;4;ALBERT 1;x;
896;169;45;132;ALBERT 2;x;
897;1;48;5;ALFRED;x;
898;43;51;133;ALFRED 1;x;
899;1;93;140;ALFRED 2;x;
900;127;57;134;HAMLEY;x;
901;169;60;7;HAMLEY 1;x;
902;1;63;135;HAMLEY 2;x;
903;43;66;8;YUNG;x;
904;85;69;136;YUNG 1;x;
905;127;72;9;BURRA;x;
906;169;75;137;BURRA 1;x;
907;1;78;10;BURRA 2;x;
908;84;132;211;STANLEY;x;
909;0;126;210;STANLEY 1;x;
910;42;129;83;STANLEY 2;x;
911;0;207;25;VICTORIA;x;
912;84;0;26;VICTORIA 1;x;
913;126;48;34;KIMBERLEY;x;
914;84;45;161;KIMBERLEY 1;x;
915;85;39;131;HERBERT;x;
916;126;105;79;HERBERT 1;x;
917;42;99;78;YONGALA;x;
918;168;93;77;YONGALA 1;x;
919;126;90;204;FROME;x;
920;85;99;141;FROME 1;x;
921;127;102;14;FROME 2;x;
922;169;105;142;NEWCASTLE;x;
923;1;108;15;NEWCASTLE 1;x;
924;43;111;143;NEWCASTLE 2;x;
925;85;114;16;GRANVILLE;x;
926;127;117;144;GRANVILLE 1;x;
927;17;40;240;LYTTON;x;
928;169;120;17;LYTTON 1;x;
929;1;123;145;DERBY;x;
930;43;126;18;DERBY 1;x;
931;85;129;146;DERBY 2;x;
932;127;132;19;HANSON;x;
933;169;132;182;HANSON 1;x;
934;1;135;55;HANSON 2;x;
935;43;138;183;BLACHFORD;x;
936;42;39;68;BLACHFORD 1;x;
937;84;42;196;BLACHFORD 2;x;
938;126;45;69;MANCHESTER;x;
939;168;48;197;MANCHESTER 1;x;
940;0;51;70;MANCHESTER 2;x;
941;42;54;198;YORK;x;
942;0;54;35;YORK 1;x;
943;42;18;3;YORK 2;x;
944;168;63;72;JERVOIS;x;
945;0;66;200;JERVOIS 1;x;
946;42;69;73;JERVOIS 2;x;
947;84;72;201;JERVOIS 3;x;
948;126;75;74;JERVOIS 4;x;
949;168;78;202;JUSSIEU;x;
950;0;81;75;JUSSIEU 1;x;
951;42;84;203;JUSSIEU 2;x;
952;0;96;205;JUSSIEU 3;x;
953;84;180;56;JUSSIEU 4;x;
954;126;183;184;MUSGRAVE;x;
955;126;33;159;MUSGRAVE 1;x;
956;84;15;156;MUSGRAVE 2;x;
957;168;204;152;MUSGRAVE 3;x;
958;42;132;48;CALPATANNA;x;
959;84;135;176;CALPATANNA 1;x;
960;168;171;182;CALPATANNA 2;x;
961;168;141;177;DUFFERIN;x;
962;0;144;50;DUFFERIN 1;x;
963;42;147;178;DUFFERIN 2;x;
964;84;150;51;DUFFERIN 3;x;
965;126;153;179;WAY;x;
966;168;156;52;WAY 1;x;
967;0;159;180;WAY 2;x;
968;42;162;53;KINTORE;x;
969;84;87;76;KINTORE 1;x;
970;168;21;157;HOPETOUN;x;
971;126;90;149;HOPETOUN 1;x;
972;168;108;207;HOPETOUN 2;x;
973;126;78;39;TAUNTON;x;
974;42;27;158;TAUNTON 1;x;
975;126;168;54;TAUNTON 2;x;
976;42;210;153;IKARA FLINDERS;x;
977;168;36;32;BARNDIOOTA;x;
978;0;39;160;DEAD RANGE;x;
979;0;111;80;MULYUNGARIE;x;
980;42;12;28;KALKAROO;x;
981;0;9;155;BIMBOWRIE;x;
982;168;51;162;YUNTA;x;
983;42;114;208;OODLA WIRRA;x;
984;42;57;163;PUALCO RANGE;x;
985;84;60;36;COCKBURN;x;
986;126;63;164;ROCKY DAM;x;
987;168;66;37;PARNAROO;x;
988;0;69;165;PINE;x;
989;42;72;38;GLUEPOT;x;
990;84;75;166;DANGGALI;x;
991;42;6;98;CALPERUM STATION;x;
992;168;81;167;CHOWILLA;x;
993;0;84;40;GREAT SOUTHERN CROSS;x;
994;42;87;168;GREAT SOUTHERN CROSS 1;x;
995;84;90;41;WARRI GATE;x;
996;126;93;169;WARRI GATE 1;x;
997;126;12;99;WARRI GATE 2;x;
998;0;99;170;BULLOO DOWNS;x;
999;42;102;43;BULLOO DOWNS 1;x;
1000;84;105;171;KILCOWERA;x;
1001;126;108;44;KILCOWERA 1;x;
1002;168;111;172;CURRAWINYA;x;
1003;0;114;45;CURRAWINYA 1;x;
1004;42;117;173;CURRAWINYA 2;x;
1005;84;120;46;WOOROOROOKA;x;
1006;126;123;174;WOOROOROOKA 1;x;
1007;168;126;47;CUNNAMULLA;x;
1008;0;129;175;CUNNAMULLA 1;x;
1009;168;6;27;CULGOA;x;
1010;126;18;29;CULGOA 1;x;
1011;42;42;33;DIRRANBANDI;x;
1012;84;57;71;DIRRANBANDI 1;x;
1013;126;60;199;DIRRANBANDI 2;x;
1014;0;24;30;ST GEORGE;x;
1015;42;177;183;ST GEORGE 1;x;
1016;0;174;55;WEENGALLON;x;
1017;84;30;31;WEENGALLON 1;x;
1018;85;54;6;GOONDIWINDI;x;
1019;84;165;181;GOONDIWINDI 1;x;
1020;168;186;57;GOONDIWINDI 2;x;
1021;0;189;185;INGLEWOOD;x;
1022;42;192;58;INGLEWOOD 1;x;
1023;84;195;186;INGLEWOOD 2;x;
1024;126;198;59;TEXAS;x;
1025;168;201;187;TEXAS 1;x;
1026;0;204;60;TEXAS 2;x;
1027;42;207;188;WARWICK;x;
1028;84;210;61;WARWICK 1;x;
1029;126;0;189;WARWICK 2;x;
1030;168;3;62;BOONAN;x;
1031;0;6;190;BOONAN 1;x;
1032;42;9;63;BOONAN 2;x;
1033;84;12;191;SURFERS PARADISE;x;
1034;126;15;64;SURFERS PARADISE 1;x;
1035;168;18;192;SURFERS PARADISE 2;x;
1036;0;21;65;SURFERS PARADISE 3;x;
1037;42;24;193;BRISBANE;x;
1038;84;27;66;BRISBANE 1;x;
1039;169;135;147;BRISBANE 2;x;
1040;1;138;20;BRISBANE 3;x;
1041;43;141;148;BRISBANE 4;x;
1042;85;144;21;TOOWOOMBA;x;
1043;127;147;149;TOOWOOMBA 1;x;
1044;169;150;22;TOOWOOMBA 2;x;
1045;1;153;150;TOOWOOMBA 3;x;
1046;43;156;23;TOOWOOMBA 4;x;
1047;85;159;151;MILLMERRAN;x;
1048;127;162;24;MILLMERRAN 1;x;
1049;169;165;152;MILLMERRAN 2;x;
1050;1;168;25;SOUTHWOOD;x;
1051;43;171;153;SOUTHWOOD 1;x;
1052;85;174;26;BOLLON;x;
1053;127;177;154;BOLLON 1;x;
1054;169;180;27;LINDEN;x;
1055;1;183;155;LINDEN 1;x;
1056;43;186;28;LINDEN 2;x;
1057;85;189;156;WYANDRA;x;
1058;127;192;29;WYANDRA 1;x;
1059;169;195;157;WYANDRA 2;x;
1060;1;198;30;WYANDRA 3;x;
1061;43;201;158;WYANDRA 4;x;
1062;85;204;31;EULO;x;
1063;127;207;159;EULO 1;x;
1064;169;210;32;YOWAH;x;
1065;1;0;160;YOWAH 1;x;
1066;43;3;33;YOWAH 2;x;
1067;85;6;161;THARGOMINDAH;x;
1068;127;9;34;THARGOMINDAH 1;x;
1069;169;12;162;THARGOMINDAH 2;x;
1070;1;15;35;NOCKATUNGA;x;
1071;43;18;163;NOCKATUNGA 1;x;
1072;85;21;36;NOCKATUNGA 2;x;
1073;127;24;164;ORIENTOS;x;
1074;169;27;37;ORIENTOS 1;x;
1075;1;30;165;ORIENTOS 2;x;
1076;43;33;38;COOPER CREEK;x;
1077;85;36;166;COOPER CREEK 1;x;
1078;127;39;39;DURHAM;x;
1079;169;42;167;DURHAM 1;x;
1080;1;45;40;MOUNT HOWITT;x;
1081;43;48;168;MOUNT HOWITT 1;x;
1082;85;51;41;MOUNT HOWITT 2;x;
1083;127;54;169;MOUNT MARGARET;x;
1084;169;57;42;ARDOCH;x;
1085;1;60;170;ARDOCH 1;x;
1086;43;63;43;TOOMPINE;x;
1087;85;66;171;TOOMPINE 1;x;
1088;127;69;44;BIG CREEK;x;
1089;169;72;172;BIG CREEK 1;x;
1090;1;75;45;BIG CREEK 2;x;
1091;43;78;173;BOATMAN;x;
1092;85;81;46;BOATMAN 1;x;
1093;127;84;174;BEGONIA;x;
1094;169;87;47;BEGONIA 1;x;
1095;1;90;175;BEGONIA 2;x;
1096;43;93;48;MITCHELL;x;
1097;85;96;176;MITCHELL 1;x;
1098;127;99;49;MITCHELL 2;x;
1099;169;102;177;ROMA;x;
1100;1;105;50;ROMA 1;x;
1101;43;108;178;ROMA 2;x;
1102;85;111;51;MILES;x;
1103;127;114;179;MILES 1;x;
1104;169;117;52;TARA;x;
1105;1;120;180;TARA 1;x;
1106;43;123;53;TARA 2;x;
1107;85;126;181;DALBY;x;
1108;127;127;54;DALBY 1;x;
1109;126;30;194;DALBY 2;x;
1110;168;33;67;DALBY 3;x;
1111;0;36;195;MAROOCHYDORE;x;
1112;85;141;56;MAROOCHYDORE 1;x;
1113;127;144;184;MAROOCHYDORE 2;x;
1114;169;147;57;MAROOCHYDORE 3;x;
1115;1;150;185;KINGAROY;x;
1116;43;153;58;KINGAROY 1;x;
1117;85;156;186;KINGAROY 2;x;
1118;127;159;59;CHINCHILLA;x;
1119;169;162;187;CHINCHILLA 1;x;
1120;1;165;60;CHINCHILLA 2;x;
1121;43;168;188;CHINCHILLA 3;x;
1122;85;171;61;SURAT;x;
1123;127;174;189;SURAT 1;x;
1124;169;177;62;SURAT 2;x;
1125;1;180;190;SUNSHINE COAST;x;
1126;43;183;63;SUNSHINE COAST 1;x;
1127;85;186;191;SUNSHINE COAST 2;x;
1128;127;189;64;SUNSHINE COAST 3;x;
1129;169;192;192;SUNSHINE COAST 4;x;
1130;1;195;65;MARYBOROUGH;x;
1131;43;198;193;MARYBOROUGH 1;x;
1132;85;201;66;MARYBOROUGH 2;x;
1133;127;204;194;MARYBOROUGH 3;x;
1134;169;207;67;MARYBOROUGH 4;x;
1135;1;210;195;MUNDUBBERA;x;
1136;43;0;68;MUNDUBBERA 1;x;
1137;85;3;196;TAROOM;x;
1138;127;6;69;TAROOM 1;x;
1139;169;9;197;TAROOM 2;x;
1140;1;12;70;TAROOM 3;x;
1141;43;15;198;INJUNE;x;
1142;85;18;71;INJUNE 1;x;
1143;127;21;199;INJUNE 2;x;
1144;169;24;72;INJUNE 3;x;
1145;1;27;200;FOREST VALE;x;
1146;43;30;73;FOREST VALE 1;x;
1147;85;33;201;MORVEN;x;
1148;127;36;74;MORVEN 1;x;
1149;169;39;202;MORVEN 2;x;
1150;1;42;75;MORVEN 3;x;
1151;43;45;203;CHARLEVILLE;x;
1152;85;48;76;CHARLEVILLE 1;x;
1153;127;51;204;CHARLEVILLE 2;x;
1154;169;54;77;CHARLEVILLE 3;x;
1155;1;57;205;CHEEPIE;x;
1156;43;60;78;CHEEPIE 1;x;
1157;85;63;206;CHEEPIE 2;x;
1158;127;66;79;QUILPIE;x;
1159;169;69;207;QUILPIE 1;x;
1160;1;72;80;QUILPIE 2;x;
1161;43;75;208;EROMANGA;x;
1162;85;78;81;EROMANGA 1;x;
1163;127;81;209;EROMANGA 2;x;
1164;169;84;82;EAST SIMPSON DESERT;x;
1165;1;87;210;EAST SIMPSON DESERT 1;x;
1166;43;90;83;BIRDSVILLE;x;
1167;85;93;211;BIRDSVILLE 1;x;
1168;127;96;84;BIRDSVILLE 2;x;
1169;169;99;212;DURN;x;
1170;1;102;85;DURN 1;x;
1171;43;105;213;SOUTH GALWAY;x;
1172;85;108;86;SOUTH GALWAY 1;x;
1173;127;111;214;LYNWOOD;x;
1174;169;114;87;LYNWOOD 1;x;
1175;1;117;215;LYNWOOD 2;x;
1176;43;120;88;HELL HOLE GORGE;x;
1177;85;123;216;HELL HOLE GORGE 1;x;
1178;127;126;89;HELL HOLE GORGE 2;x;
1179;169;129;217;ADAVALE;x;
1180;1;132;90;ADAVALE 1;x;
1181;43;135;218;ADAVALE 2;x;
1182;85;138;91;SCRUBBY CREEK;x;
1183;127;141;219;SCRUBBY CREEK 1;x;
1184;169;144;92;SCRUBBY CREEK 2;x;
1185;1;147;220;AUGATHELLA;x;
1186;43;150;93;AUGATHELLA 1;x;
1187;85;153;221;HILLSIDE FOREST;x;
1188;127;156;94;HILLSIDE FOREST 1;x;
1189;169;159;222;OAK VALE;x;
1190;1;162;95;OAK VALE 1;x;
1191;43;165;223;OAK VALE 2;x;
1192;85;168;96;EXPEDITION;x;
1193;127;171;224;EXPEDITION 1;x;
1194;169;174;97;EXPEDITION 2;x;
1195;1;177;225;THEODORE;x;
1196;43;180;98;THEODORE 1;x;
1197;85;183;226;THEODORE 2;x;
1198;127;186;99;THEODORE 3;x;
1199;169;189;227;DAWSON PARK;x;
1200;1;192;0;DAWSON PARK 1;x;
1201;43;195;128;DAWSON PARK 2;x;
1202;85;198;1;MONTO;x;
1203;127;201;129;MONTO 1;x;
1204;169;204;2;MONTO 2;x;
1205;1;207;130;MONTO 3;x;
1206;43;210;3;BUNDABERG;x;
1207;85;0;131;BUNDABERG 1;x;
1208;127;3;4;BUNDABERG 2;x;
1209;169;6;132;GLADSTONE;x;
1210;1;9;5;GLADSTONE 1;x;
1211;43;12;133;GLADSTONE 2;x;
1212;85;15;6;GLADSTONE 3;x;
1213;127;18;134;BILOELA;x;
1214;169;21;7;BILOELA 1;x;
1215;1;24;135;BILOELA 2;x;
1216;43;27;8;MOURA;x;
1217;85;30;136;MOURA 1;x;
1218;127;33;9;MOURA 2;x;
1219;169;36;137;MOURA 3;x;
1220;1;39;10;MOURA 4;x;
1221;43;42;138;ROLLESTON;x;
1222;85;45;11;ROLLESTON 1;x;
1223;127;48;139;ROLLESTON 2;x;
1224;169;51;12;CARNARVON;x;
1225;1;54;140;CARNARVON 1;x;
1226;43;57;13;CARNARVON 2;x;
1227;85;60;141;CARNARVON 3;x;
1228;127;63;14;CARNARVON 4;x;
1229;169;66;142;TAMBO;x;
1230;1;69;15;TAMBO 1;x;
1231;43;72;143;TAMBO 2;x;
1232;85;75;16;IDALIA;x;
1233;127;78;144;IDALIA 1;x;
1234;169;81;17;IDALIA 2;x;
1235;1;84;145;WELFORD;x;
1236;43;87;18;WELFORD 1;x;
1237;85;90;146;WELFORD 2;x;
1238;127;93;19;WINDORAH;x;
1239;169;96;147;WINDORAH 1;x;
1240;1;99;20;WINDORAH 2;x;
1241;43;102;148;JUNDAH;x;
1242;85;105;21;JUNDAH 1;x;
1243;127;108;149;JUNDAH 2;x;
1244;169;111;22;PALPARARAH;x;
1245;1;114;150;PALPARARAH 1;x;
1246;43;117;23;PALPARARAH 2;x;
1247;85;120;151;MOORABERREE;x;
1248;127;123;24;MOORABERREE 1;x;
1249;169;126;152;BEDOURIE;x;
1250;1;129;25;BEDOURIE 1;x;
1251;43;132;153;ETHABUKA;x;
1252;85;135;26;ETHABUKA 1;x;
1253;127;138;154;BREADALBANE;x;
1254;169;141;27;BREADALBANE 1;x;
1255;1;144;155;CRAVENS PEAK;x;
1256;43;147;28;CRAVENS PEAK 1;x;
1257;85;150;156;CRAVENS PEAK 2;x;
1258;127;153;29;CANARY;x;
1259;169;156;157;CANARY 1;x;
1260;1;159;30;DIAMANTINA;x;
1261;43;162;158;DIAMANTINA 1;x;
1262;85;165;31;GONEAWAY;x;
1263;127;168;159;GONEAWAY 1;x;
1264;169;171;32;GONEAWAY 2;x;
1265;1;174;160;STONEHENGE;x;
1266;43;177;33;STONEHENGE 1;x;
1267;85;180;161;ISISFORD;x;
1268;127;183;34;ISISFORD 1;x;
1269;169;186;162;ISISFORD 2;x;
1270;1;189;35;BLACKALL;x;
1271;43;192;163;BLACKALL 1;x;
1272;85;195;36;BLACKALL 2;x;
1273;127;198;164;SEDGEFORD;x;
1274;169;201;37;SEDGEFORD 1;x;
1275;1;204;165;SEDGEFORD 2;x;
1276;43;207;38;MANTUAN DOWNS;x;
1277;85;210;166;MANTUAN DOWNS 1;x;
1278;127;0;39;MANTUAN DOWNS 2;x;
1279;169;3;167;ROCKHAMPTON;x;
1280;1;6;40;ROCKHAMPTON 1;x;
1281;43;9;168;ROCKHAMPTON 2;x;
1282;85;12;41;ROCKHAMPTON 3;x;
1283;127;15;169;ROCKHAMPTON 4;x;
1284;169;18;42;BLACKWATER;x;
1285;1;21;170;BLACKWATER 1;x;
1286;43;24;43;BLACKWATER 2;x;
1287;85;27;171;BLACKWATER 3;x;
1288;127;30;44;EMERALD;x;
1289;169;33;172;EMERALD 1;x;
1290;1;36;45;EMERALD 2;x;
1291;43;39;173;EMERALD 3;x;
1292;85;42;46;EMERALD 4;x;
1293;127;45;174;ALPHA;x;
1294;169;48;47;ALPHA 1;x;
1295;1;51;175;ALPHA 2;x;
1296;43;54;48;JERICHO;x;
1297;85;57;176;JERICHO 1;x;
1298;127;60;49;JERICHO 2;x;
1299;169;63;177;BARCALDINE;x;
1300;1;66;50;BARCALDINE 1;x;
1301;43;69;178;BARCALDINE 2;x;
1302;85;72;51;BARCALDINE 3;x;
1303;127;75;179;LONGREACH;x;
1304;169;78;52;LONGREACH 1;x;
1305;1;81;180;LONGREACH 2;x;
1306;43;84;53;LOCHERN;x;
1307;85;87;181;LOCHERN 1;x;
1308;127;90;54;LOCHERN 2;x;
1309;169;93;182;CLANAGH;x;
1310;1;96;55;CLANAGH 1;x;
1311;43;99;183;FERMOY;x;
1312;85;102;56;FERMOY 1;x;
1313;127;105;184;FERMOY 2;x;
1314;169;108;57;CORK;x;
1315;1;111;185;CORK 1;x;
1316;43;114;58;VERDUN VALLEY;x;
1317;85;117;186;VERDUN VALLEY 1;x;
1318;127;120;59;LUCKNOW;x;
1319;169;123;187;LUCKNOW 1;x;
1320;1;126;60;BOULIA;x;
1321;43;129;188;BOULIA 1;x;
1322;85;132;61;TOBERMOREY;x;
1323;127;135;189;LINDA DOWNS;x;
1324;169;138;62;LINDA DOWNS 1;x;
1325;1;141;190;AIDERLEY;x;
1326;43;144;63;MONUMENT;x;
1327;85;147;191;MONUMENT 1;x;
1328;127;150;64;MONUMENT 2;x;
1329;169;153;192;BRACKENBURGH;x;
1330;1;156;65;BRACKENBURGH 1;x;
1331;43;159;193;BRACKENBURGH 2;x;
1332;85;162;66;MIDDLETON;x;
1333;127;165;194;MIDDLETON 1;x;
1334;169;168;67;ANSWER;x;
1335;1;171;195;ANSWER 1;x;
1336;43;174;68;KALKADOOH;x;
1337;85;177;196;KALKADOOH 1;x;
1338;127;180;69;WINTON;x;
1339;169;183;197;WINTON 1;x;
1340;1;186;70;WINTON 2;x;
1341;43;189;198;WINTON 3;x;
1342;85;192;71;MUTTABURRA;x;
1343;127;195;199;MUTTABURRA 1;x;
1344;169;198;72;ARAMAC;x;
1345;1;201;200;ARAMAC 1;x;
1346;43;204;73;SURBITON;x;
1347;85;207;201;SURBITON 1;x;
1348;127;210;74;SURBITON 2;x;
1349;169;0;202;YEPPOON;x;
1350;1;3;75;YEPPOON 1;x;
1351;43;6;203;YEPPOON 2;x;
1352;85;9;76;YEPPOON 3;x;
1353;127;12;204;YEPPOON 4;x;
1354;169;15;77;MIDDLEMOUNT;x;
1355;1;18;205;MIDDLEMOUNT 1;x;
1356;43;21;78;MIDDLEMOUNT 2;x;
1357;85;24;206;CARMILA;x;
1358;127;27;79;CARMILA 1;x;
1359;169;30;207;CARMILA 2;x;
1360;1;33;80;DYSART;x;
1361;43;36;208;DYSART 1;x;
1362;85;39;81;DYSART 2;x;
1363;127;42;209;CLERMONT;x;
1364;169;45;82;CLERMONT 1;x;
1365;1;48;210;CLERMONT 2;x;
1366;43;51;83;MOUNT COOLON;x;
1367;85;54;211;MOUNT COOLON 1;x;
1368;127;57;84;MOUNT COOLON 2;x;
1369;169;60;212;LAGLAN;x;
1370;1;63;85;LAGLAN 1;x;
1371;43;66;213;LAGLAN 2;x;
1372;85;69;86;GALILEE;x;
1373;127;72;214;GALILEE 1;x;
1374;169;75;87;GALILEE 2;x;
1375;1;78;215;CALEDONIA;x;
1376;43;81;88;CALEDONIA 1;x;
1377;85;84;216;KENSINGTON;x;
1378;127;87;89;KENSINGTON 1;x;
1379;169;90;217;KENSINGTON 2;x;
1380;1;93;90;TANGORIN;x;
1381;43;96;218;TANGORIN 1;x;
1382;85;99;91;TANGORIN 2;x;
1383;127;102;219;CORFIELD;x;
1384;169;105;92;CORFIELD 1;x;
1385;1;108;220;WERNA;x;
1386;43;111;93;WERNA 1;x;
1387;85;114;221;MCKINLAY;x;
1388;127;117;94;MCKINLAY 1;x;
1389;169;120;222;MCKINLAY 2;x;
1390;1;123;95;TARBRAX;x;
1391;43;126;223;TARBRAX 1;x;
1392;85;129;96;TARBRAX 2;x;
1393;127;132;224;URANDANGI;x;
1394;169;135;97;URANDANGI 1;x;
1395;1;138;225;BARKLY;x;
1396;43;141;98;BARKLY 1;x;
1397;85;144;226;BARKLY 2;x;
1398;127;147;99;DUCHESS;x;
1399;169;150;227;DUCHESS 1;x;
1400;1;153;0;WOOROONA;x;
1401;43;156;128;WOOROONA 1;x;
1402;85;159;1;MOUNT ISA;x;
1403;127;162;129;MOUNT ISA 1;x;
1404;169;165;2;MOUNT ISA 2;x;
1405;1;168;130;CLONCURRY;x;
1406;43;171;3;CLONCURRY 1;x;
1407;85;174;131;CLONCURRY 2;x;
1408;169;132;32;SEDAN DIP;x;
1409;169;180;132;SEDAN DIP 1;x;
1410;1;183;5;BUNDA BUNDA;x;
1411;43;186;133;BUNDA BUNDA 1;x;
1412;85;189;6;JULIA CREEK;x;
1413;127;192;134;JULIA CREEK 1;x;
1414;169;195;7;JULIA CREEK 2;x;
1415;1;198;135;JULIA CREEK 3;x;
1416;43;201;8;MAXWELLON;x;
1417;85;204;136;MAXWELLON 1;x;
1418;127;207;9;MAXWELLON 2;x;
1419;169;210;137;RICHMOND;x;
1420;1;0;10;RICHMOND 1;x;
1421;43;3;138;RICHMOND 2;x;
1422;85;6;11;EXMOOR;x;
1423;127;9;139;EXMOOR 1;x;
1424;169;12;12;EXMOOR 2;x;
1425;1;15;140;KATANDRA;x;
1426;43;18;13;KATANDRA 1;x;
1427;85;21;141;BANNOCKBURN;x;
1428;127;24;14;BANNOCKBURN 1;x;
1429;169;27;142;MOORRINYA;x;
1430;1;30;15;MOORRINYA 1;x;
1431;43;33;143;MOORRINYA 2;x;
1432;85;36;16;BUCHANAN;x;
1433;127;39;144;BUCHANAN 1;x;
1434;169;42;17;BUCHANAN 2;x;
1435;1;45;145;DOONGMABULLA;x;
1436;43;48;18;DOONGMABULLA 1;x;
1437;85;51;146;WILLANDSPEY;x;
1438;127;54;19;WILLANDSPEY 1;x;
1439;169;57;147;NATAL DOWNS;x;
1440;1;60;20;NATAL DOWNS 1;x;
1441;86;135;186;COREA PLAINS;x;
1442;128;138;59;COREA PLAINS 1;x;
1443;170;141;187;DALRYMPLE;x;
1444;2;144;60;DALRYMPLE 1;x;
1445;44;147;188;MORANBAH;x;
1446;86;150;61;MORANBAH 1;x;
1447;128;153;189;NEWLANDS;x;
1448;170;156;62;NEWLANDS 1;x;
1449;2;159;190;MACKAY;x;
1450;44;162;63;MACKAY 1;x;
1451;86;165;191;MACKAY 2;x;
1452;128;168;64;MACKAY 3;x;
1453;170;171;192;MACKAY 4;x;
1454;2;174;65;GLENDEN;x;
1455;44;177;193;GLENDEN 1;x;
1456;86;180;66;GLENDEN 2;x;
1457;170;201;197;BOWEN;x;
1458;2;204;70;BOWEN 1;x;
1459;44;207;198;BOWEN 2;x;
1460;1;120;30;COLLINSVILLE;x;
1461;43;123;158;COLLINSVILLE 1;x;
1462;85;126;31;COLLINSVILLE 2;x;
1463;127;129;159;COLLINSVILLE 3;x;
1464;127;177;4;AYR;x;
1465;1;135;160;AYR 1;x;
1466;43;138;33;AYR 2;x;
1467;85;141;161;AYR 3;x;
1468;127;144;34;TOWNSVILLE;x;
1469;169;147;162;TOWNSVILLE 1;x;
1470;1;150;35;TOWNSVILLE 2;x;
1471;43;153;163;TOWNSVILLE 3;x;
1472;85;156;36;TOWNSVILLE 4;x;
1473;127;159;164;CHARTERS TOWERS;x;
1474;169;162;37;CHARTERS TOWERS 1;x;
1475;1;165;165;CHARTERS TOWERS 2;x;
1476;43;168;38;CHARTERS TOWERS 3;x;
1477;85;171;166;PENTLAND;x;
1478;127;174;39;PENTLAND 1;x;
1479;169;177;167;HUGHENDEN;x;
1480;1;180;40;HUGHENDEN 1;x;
1481;43;183;168;HUGHENDEN 2;x;
1482;85;186;41;DUTTON RIVER;x;
1483;127;189;169;MOUNT STURGEON;x;
1484;169;192;42;STRATHPARK;x;
1485;1;195;170;STRATHPARK 1;x;
1486;43;198;43;MOUNT NORMAN;x;
1487;85;201;171;WOODSTOCK;x;
1488;127;204;44;WOODSTOCK 1;x;
1489;169;207;172;SAVANNAH;x;
1490;1;210;45;SAVANNAH 1;x;
1491;43;0;173;SAVANNAH 2;x;
1492;85;3;46;VENA PARK;x;
1493;127;6;174;VENA PARK 1;x;
1494;169;9;47;BURKE AND WILLS;x;
1495;1;12;175;BURKE AND WILLS 1;x;
1496;43;15;48;GRANADA;x;
1497;85;18;176;GRANADA 1;x;
1498;127;21;49;GRANADA 2;x;
1499;169;24;177;THREE RIVERS;x;
1500;1;27;50;THREE RIVERS 1;x;
1501;177;9;157;THREE RIVERS 2;x;
1502;85;33;51;CAMOOWEAL;x;
1503;127;36;179;CAMOOWEAL 1;x;
1504;169;39;52;CAMOOWEAL 2;x;
1505;1;42;180;GUNPOWDER;x;
1506;43;45;53;GUNPOWDER 1;x;
1507;85;48;181;GUNPOWDER 2;x;
1508;127;51;54;OLD HERBERT VALE;x;
1509;169;54;182;OLD HERBERT VALE 1;x;
1510;1;57;55;BOODJAMULLA;x;
1511;43;60;183;BOODJAMULLA 1;x;
1512;85;63;56;BOODJAMULLA 2;x;
1513;127;66;184;GREGORY DOWNS;x;
1514;169;69;57;GREGORY DOWNS 1;x;
1515;1;72;185;GREGORY DOWNS 2;x;
1516;43;75;58;BANG BANG;x;
1517;85;78;186;BANG BANG 1;x;
1518;127;81;59;CORINDA RUINS;x;
1519;169;84;187;CORINDA RUINS 1;x;
1520;1;87;60;PUNJAUB;x;
1521;43;90;188;PUNJAUB 1;x;
1522;85;93;61;PUNJAUB 2;x;
1523;127;96;189;GANGALIDDA;x;
1524;169;99;62;GANGALIDDA 1;x;
1525;1;102;190;GANGALIDDA 2;x;
1526;43;105;63;BURKETOWN;x;
1527;85;108;191;BURKETOWN 1;x;
1528;127;111;64;BURKETOWN 2;x;
1529;169;114;192;KARUMBA;x;
1530;1;117;65;KARUMBA 1;x;
1531;43;120;193;KARUMBA 2;x;
1532;85;123;66;NORMANTON;x;
1533;127;126;194;NORMANTON 1;x;
1534;169;129;67;NORMANTON 2;x;
1535;1;132;195;NORMANTON 3;x;
1536;43;135;68;NORMANTON 4;x;
1537;85;138;196;CROYDON;x;
1538;127;141;69;CROYDON 1;x;
1539;169;144;197;CROYDON 2;x;
1540;1;147;70;FROG CREEK;x;
1541;43;150;198;IONA;x;
1542;85;153;71;IONA 1;x;
1543;127;156;199;BLACKBRAES;x;
1544;169;159;72;BLACKBRAES 1;x;
1545;1;162;200;GREGORY SPRINGS;x;
1546;43;165;73;GREGORY SPRINGS 1;x;
1547;85;168;201;BASALT;x;
1548;127;171;74;BASALT 1;x;
1549;169;174;202;GREENVALE;x;
1550;1;177;75;GREENVALE 1;x;
1551;43;180;203;INGHAM;x;
1552;85;183;76;INGHAM 1;x;
1553;127;186;204;INGHAM 2;x;
1554;169;189;77;INGHAM 3;x;
1555;1;192;205;CARDWELL;x;
1556;43;195;78;CARDWELL 1;x;
1557;85;198;206;CARDWELL 2;x;
1558;127;201;79;CARDWELL 3;x;
1559;169;204;207;UNDARA;x;
1560;1;207;80;UNDARA 1;x;
1561;43;210;208;UNDARA 2;x;
1562;85;0;81;GEORGETOWN;x;
1563;127;3;209;GEORGETOWN 1;x;
1564;169;6;82;GEORGETOWN 2;x;
1565;1;9;210;INNISFAIL;x;
1566;43;12;83;INNISFAIL 1;x;
1567;85;15;211;INNISFAIL 2;x;
1568;127;18;84;INNISFAIL 3;x;
1569;169;21;212;CAIRNS;x;
1570;1;24;85;CAIRNS 1;x;
1571;43;27;213;CAIRNS 2;x;
1572;85;30;86;CAIRNS 3;x;
1573;127;33;214;CAIRNS 4;x;
1574;169;36;87;ATHERTON;x;
1575;1;39;215;ATHERTON 1;x;
1576;43;42;88;ATHERTON 2;x;
1577;85;45;216;ATHERTON 3;x;
1578;127;48;89;BOLWARRA;x;
1579;169;51;217;BOLWARRA 1;x;
1580;1;54;90;RED RIVER;x;
1581;43;57;218;RED RIVER 1;x;
1582;85;60;91;VANROOK;x;
1583;127;63;219;VANROOK 1;x;
1584;169;66;92;YANGOO;x;
1585;1;69;220;YANGOO 1;x;
1586;43;72;93;DUNBAR;x;
1587;85;75;221;STAATEN RIVER;x;
1588;127;78;94;BLACKDOWN;x;
1589;169;81;222;BLACKDOWN 1;x;
1590;1;84;95;HURRICANE;x;
1591;43;87;223;MAREEBA;x;
1592;85;90;96;MAREEBA 1;x;
1593;127;93;224;MAREEBA 2;x;
1594;169;96;97;PORT DOUGLAS;x;
1595;1;99;225;PORT DOUGLAS 1;x;
1596;43;102;98;PORT DOUGLAS 2;x;
1597;85;105;226;PORT DOUGLAS 3;x;
1598;127;108;99;PALMER;x;
1599;169;111;227;PALMER 1;x;
1600;1;114;0;PALMER 2;x;
1601;43;117;128;KILLARNEY;x;
1602;85;120;1;KILLARNEY 1;x;
1603;127;123;129;DRUMDUFF;x;
1604;169;126;2;KOWANYAMA;x;
1605;1;129;130;KOWANYAMA 1;x;
1606;43;132;3;PORMPURAAW;x;
1607;85;135;131;PORMPURAAW 1;x;
1608;127;138;4;DIXIE;x;
1609;169;141;132;DIXIE 1;x;
1610;1;144;5;DIXIE 2;x;
1611;43;147;133;LAKEFIELD;x;
1612;85;150;6;LAKEFIELD 1;x;
1613;127;153;134;CAPE MELVILLE;x;
1614;169;156;7;CAPE MELVILLE 1;x;
1615;1;159;135;COOKTOWN;x;
1616;43;162;8;COOKTOWN 1;x;
1617;85;165;136;COOKTOWN 2;x;
1618;127;168;9;COEN;x;
1619;169;171;137;COEN 1;x;
1620;1;174;10;COEN 2;x;
1621;43;177;138;ARCHER RIVER;x;
1622;85;180;11;ARCHER RIVER 1;x;
1623;127;183;139;MUNGKAN KANDJU;x;
1624;169;186;12;AURUKUN;x;
1625;1;189;140;LOCKHART RIVER;x;
1626;43;192;13;PORTLAND ROADS;x;
1627;85;195;141;BATAVIA DOWNS;x;
1628;127;198;14;MORNTON;x;
1629;169;201;142;WEIPA;x;
1630;1;204;15;CORNALCO;x;
1631;43;207;143;CAPE GRENVILLE;x;
1632;85;210;16;SHELBURNE;x;
1633;127;0;144;HEATHLANDS;x;
1634;169;3;17;MAPOON;x;
1635;1;6;145;JARDINE RIVER;x;
1636;43;9;18;BAMAGA;x;
1637;85;12;146;PRINCE OF WALES;x;
1638;127;15;19;MOA;x;
1639;169;18;147;TIWI;x;
1640;1;21;20;TIWI 1;x;
1641;43;24;148;TIWI 2;x;
1642;85;27;21;DARWIN;x;
1643;127;30;149;DARWIN 1;x;
1644;169;33;22;DARWIN 2;x;
1645;1;36;150;DARWIN 3;x;
1646;43;39;23;DARWIN 4;x;
1647;85;42;151;LITCHFIELD;x;
1648;127;45;24;LITCHFIELD 1;x;
1649;169;48;152;LITCHFIELD 2;x;
1650;1;51;25;PINE CREEK;x;
1651;43;54;153;PINE CREEK 1;x;
1652;85;57;26;PINE CREEK 2;x;
1653;127;60;154;PINE CREEK 3;x;
1654;169;63;27;NAUIYU;x;
1655;1;66;155;NAUIYU 1;x;
1656;43;69;28;NAUIYU 2;x;
1657;85;72;156;SWIM CREEK;x;
1658;127;75;29;SWIM CREEK 1;x;
1659;169;78;157;SWIM CREEK 2;x;
1660;1;81;30;JABIRU;x;
1661;43;84;158;JABIRU 1;x;
1662;85;87;31;JABIRU 2;x;
1663;127;90;159;KAKADU;x;
1664;169;93;32;KAKADU 1;x;
1665;1;96;160;KAKADU 2;x;
1666;43;99;33;KAKADU 3;x;
1667;85;102;161;KAKADU 4;x;
1668;127;105;34;NITMILUK;x;
1669;169;108;162;NITMILUK 1;x;
1670;1;111;35;NITMILUK 2;x;
1671;43;114;163;GARIG GUNAK BARLU;x;
1672;85;117;36;GARIG GUNAK BARLU 1;x;
1673;127;120;164;WALDABOONAR;x;
1674;169;123;37;MANINGRIDA;x;
1675;1;126;165;MANINGRIDA 1;x;
1676;43;129;38;MANINGRIDA 2;x;
1677;85;132;166;MANINGRIDA 3;x;
1678;127;135;39;WARDDEKEN;x;
1679;169;138;167;WARDDEKEN 1;x;
1680;1;141;40;WARDDEKEN 2;x;
1681;43;144;168;WARDDEKEN 3;x;
1682;85;147;41;RAMINGINING;x;
1683;127;150;169;RAMINGINING 1;x;
1684;169;153;42;RAMINGINING 2;x;
1685;1;156;170;MARTHAKAL;x;
1686;43;159;43;MARTHAKAL 1;x;
1687;85;162;171;MARTHAKAL 2;x;
1688;127;165;44;NHULUNBUY;x;
1689;169;168;172;NHULUNBUY 1;x;
1690;1;171;45;NHULUNBUY 2;x;
1691;43;174;173;NHULUNBUY 3;x;
1692;85;177;46;NURNBULWAR;x;
1693;127;180;174;NURNBULWAR 1;x;
1694;169;183;47;NURNBULWAR 2;x;
1695;1;186;175;NGALKBUN;x;
1696;43;189;48;NGALKBUN 1;x;
1697;85;192;176;BULMAN;x;
1698;127;195;49;BULMAN 1;x;
1699;169;198;177;BULMAN 2;x;
1700;1;201;50;ARNHEM PLATEAU;x;
1701;43;204;178;ARNHEM PLATEAU 1;x;
1702;85;207;51;URAPUNGA;x;
1703;127;210;179;URAPUNGA 1;x;
1704;169;0;52;URAPUNGA 2;x;
1705;1;3;180;URAPUNGA 3;x;
1706;43;6;53;ST VIDGEON;x;
1707;85;9;181;ST VIDGEON 1;x;
1708;127;12;54;ST VIDGEON 2;x;
1709;169;15;182;ST VIDGEON 3;x;
1710;1;18;55;ANGURUGU;x;
1711;43;21;183;PEPPIMENARTI;x;
1712;85;24;56;PEPPIMENARTI 1;x;
1713;127;27;184;PEPPIMENARTI 2;x;
1714;169;30;57;PEPPIMENARTI 3;x;
1715;1;33;185;WAGIMAN;x;
1716;43;36;58;WAGIMAN 1;x;
1717;85;39;186;WAGIMAN 2;x;
1718;127;42;59;WAGIMAN 3;x;
1719;169;45;187;GIWINING;x;
1720;1;48;60;GIWINING 1;x;
1721;43;51;188;GIWINING 2;x;
1722;85;54;61;YAMBARRAN RANGE;x;
1723;127;57;189;YAMBARRAN RANGE 1;x;
1724;169;60;62;YAMBARRAN RANGE 2;x;
1725;1;63;190;GORRIE;x;
1726;43;66;63;GORRIE 1;x;
1727;85;69;191;KATHERINE;x;
1728;127;72;64;KATHERINE 1;x;
1729;169;75;192;KATHERINE 2;x;
1730;1;78;65;KATHERINE 3;x;
1731;43;81;193;DALY WATERS;x;
1732;85;84;66;DALY WATERS 1;x;
1733;127;87;194;DALY WATERS 2;x;
1734;169;90;67;MINYERRI;x;
1735;1;93;195;MINYERRI 1;x;
1736;43;96;68;MINYERRI 2;x;
1737;85;99;196;MINYERRI 3;x;
1738;127;102;69;ALAWA;x;
1739;169;105;197;ALAWA 1;x;
1740;1;108;70;ALAWA 2;x;
1741;43;111;198;LIMMEN;x;
1742;85;114;71;LIMMEN 1;x;
1743;127;117;199;LIMMEN 2;x;
1744;169;120;72;TANUMBIRINA;x;
1745;1;123;200;TANUMBIRINA 1;x;
1746;43;126;73;BILLENGARAH;x;
1747;85;129;201;BILLENGARAH 1;x;
1748;127;132;74;BILLENGARAH 2;x;
1749;169;135;202;BILLENGARAH 3;x;
1750;1;138;75;YANYUWA;x;
1751;43;141;203;YANYUWA 1;x;
1752;85;144;76;YANYUWA 2;x;
1753;127;147;204;YANYUWA 3;x;
1754;169;150;77;GARAWA;x;
1755;1;153;205;GARAWA 1;x;
1756;43;156;78;COXCO VALLEY;x;
1757;85;159;206;COXCO VALLEY 1;x;
1758;127;162;79;COXCO VALLEY 2;x;
1759;169;165;207;MUNGOOBADA;x;
1760;1;168;80;MUNGOOBADA 1;x;
1761;43;171;208;MUNGOOBADA 2;x;
1762;85;174;81;ECHO GORGE;x;
1763;127;177;209;ECHO GORGE 1;x;
1764;169;180;82;ECHO GORGE 2;x;
1765;1;183;210;KEEP RIVER;x;
1766;43;186;83;KEEP RIVER 1;x;
1767;85;189;211;KEEP RIVER 2;x;
1768;127;192;84;KEEP RIVER 3;x;
1769;169;195;212;NAGURUNGURU;x;
1770;1;198;85;NAGURUNGURU 1;x;
1771;43;201;213;NAGURUNGURU 2;x;
1772;85;204;86;JUDBARRA;x;
1773;127;207;214;JUDBARRA 1;x;
1774;169;210;87;JUDBARRA 2;x;
1775;1;0;215;JUDBARRA 3;x;
1776;43;3;88;TIMBER CREEK;x;
1777;85;6;216;TIMBER CREEK 1;x;
1778;127;9;89;TIMBER CREEK 2;x;
1779;169;12;217;YARRALIN;x;
1780;1;15;90;YARRALIN 1;x;
1781;43;18;218;YARRALIN 2;x;
1782;85;21;91;YARRALIN 3;x;
1783;127;24;219;HIDDEN VALLEY;x;
1784;169;27;92;HIDDEN VALLEY 1;x;
1785;1;30;220;DIRRJIRRINA;x;
1786;43;33;93;WAMPANA;x;
1787;85;36;221;DAGURAGU;x;
1788;127;39;94;DAGURAGU 1;x;
1789;169;42;222;MARLINJA;x;
1790;1;45;95;MARLINJA 1;x;
1791;43;48;223;MARLINJA 2;x;
1792;85;51;96;MARLINJA 3;x;
1793;127;54;224;MUNGABROOM;x;
1794;169;57;97;MUNGABROOM 1;x;
1795;1;60;225;MUNGABROOM 2;x;
1796;43;63;98;MAMBALIYA;x;
1797;85;66;226;MAMBALIYA 1;x;
1798;127;69;99;MAMBALIYA 2;x;
1799;169;72;227;RENNER SPRINGS;x;
1800;1;75;0;RENNER SPRINGS 1;x;
1801;43;78;128;RENNER SPRINGS 2;x;
1802;85;81;1;CRESSWELL DOWNS;x;
1803;127;84;129;GANALAGA MINDIBIRRINA;x;
1804;169;87;2;GANALAGA MINDIBIRRINA 1;x;
1805;1;90;130;GANALAGA MINDIBIRRINA 2;x;
1806;43;93;3;CARRARA;x;
1807;85;96;131;CARRARA 1;x;
1808;127;99;4;CARRARA 2;x;
1809;169;102;132;CONNELLS LAGOON;x;
1810;1;105;5;CONNELLS LAGOON 1;x;
1811;43;108;133;CALVERT;x;
1812;85;111;6;CALVERT 1;x;
1813;127;114;134;CALVERT 2;x;
1814;169;117;7;WAMBAYA;x;
1815;1;120;135;MITTIEBAH;x;
1816;43;123;8;MITTIEBAH 1;x;
1817;85;126;136;GULUNGURU;x;
1818;127;129;9;GULUNGURU 1;x;
1819;169;132;137;WOGYALA;x;
1820;1;135;10;WOGYALA 1;x;
1821;43;138;138;TENNANT CREEK;x;
1822;85;141;11;TENNANT CREEK 1;x;
1823;127;144;139;TENNANT CREEK 2;x;
1824;169;147;12;YUNGKIWI;x;
1825;1;150;140;YUNGKIWI 1;x;
1826;43;153;13;WARUMUNGU;x;
1827;85;156;141;WARUMUNGU 1;x;
1828;127;159;14;WARUMUNGU 2;x;
1829;169;162;142;KARLANTIJPA SOUTH;x;
1830;1;165;15;KARLANTIJPA SOUTH 1;x;
1831;43;168;143;KARLANTIJPA SOUTH 2;x;
1832;85;171;16;KIJAKIJA;x;
1833;127;174;144;KARLANTIJPA NORTH;x;
1834;169;177;17;MIRIRRIYUHGU;x;
1835;1;180;145;MIRIRRIYUHGU 1;x;
1836;43;183;18;MALNGIN;x;
1837;85;186;146;MALNGIN 1;x;
1838;127;189;19;MALNGIN 2;x;
1839;169;192;147;HOOKER CREEK;x;
1840;1;195;20;HOOKER CREEK 1;x;
1841;43;198;148;HOOKER CREEK 2;x;
1842;85;201;21;LAJAMANU;x;
1843;127;204;149;LAJAMANU 1;x;
1844;169;207;22;LAJAMANU 2;x;
1845;1;210;150;PINJA;x;
1846;43;0;23;PINJA 1;x;
1847;85;3;151;PINJA 2;x;
1848;127;6;24;YINGUALYALYA;x;
1849;169;9;152;YINGUALYALYA 1;x;
1850;1;12;25;YINGUALYALYA 2;x;
1851;43;15;153;PURTA;x;
1852;85;18;26;PURTA 1;x;
1853;127;21;154;PURTA 2;x;
1854;169;24;27;BLUEBUSH HILLS;x;
1855;1;27;155;BLUEBUSH HILLS 1;x;
1856;43;30;28;BLUEBUSH HILLS 2;x;
1857;85;33;156;JARNTU;x;
1858;127;36;29;JARNTU 1;x;
1859;169;39;157;YULUPUTAJI;x;
1860;1;42;30;YULUPUTAJI 1;x;
1861;43;45;158;TANAMI;x;
1862;85;48;31;TANAMI 1;x;
1863;127;51;159;TANAMI 2;x;
1864;169;54;32;WALANGAWANU;x;
1865;1;57;160;WALANGAWANU 1;x;
1866;43;60;33;WALANGAWANU 2;x;
1867;85;63;161;WIRLIYAJARRAYL;x;
1868;127;66;34;WIRLIYAJARRAYL 1;x;
1869;169;69;162;WARRABRI;x;
1870;1;72;35;WARRABRI 1;x;
1871;43;75;163;WARRABRI 2;x;
1872;85;78;36;WARRABRI 3;x;
1873;127;81;164;IYTWELEPENTY;x;
1874;169;84;37;IYTWELEPENTY 1;x;
1875;1;87;165;IYTWELEPENTY 2;x;
1876;43;90;38;IYTWELEPENTY 3;x;
1877;85;93;166;WAKAYA;x;
1878;127;96;39;WAKAYA 1;x;
1879;169;99;167;WAKAYA 2;x;
1880;1;102;40;WUNARA;x;
1881;43;105;168;WUNARA 1;x;
1882;85;108;41;BLUEBUSH SWAMP;x;
1883;127;111;169;BLUEBUSH SWAMP 1;x;
1884;169;114;42;BLUEBUSH SWAMP 2;x;
1885;1;117;170;BOOLANBOO CORNER;x;
1886;43;120;43;BOOLANBOO CORNER 1;x;
1887;85;123;171;MALA;x;
1888;127;126;44;MALA 1;x;
1889;169;129;172;NUNGUMANU;x;
1890;1;132;45;NUNGUMANU 1;x;
1891;43;135;173;YUENDUMU;x;
1892;85;138;46;YUENDUMU 1;x;
1893;127;141;174;YUENDUMU 2;x;
1894;169;144;47;NGALURRTJU;x;
1895;1;147;175;NGALURRTJU 1;x;
1896;43;150;48;NGALURRTJU 2;x;
1897;85;153;176;LAKE MACKAY;x;
1898;127;156;49;NYIRRIPI;x;
1899;169;159;177;NYIRRIPI 1;x;
1900;1;162;50;NYIRRIPI 2;x;
1901;43;165;178;WALUNGURU;x;
1902;85;168;51;WALUNGURU 1;x;
1903;127;171;179;WALUNGURU 2;x;
1904;169;174;52;PAWU;x;
1905;1;177;180;PAWU 1;x;
1906;43;180;53;PAWU 2;x;
1907;85;183;181;WILORA;x;
1908;127;186;54;WILORA 1;x;
1909;169;189;182;WILORA 2;x;
1910;1;192;55;YUELAMU;x;
1911;43;195;183;YUELAMU 1;x;
1912;85;198;56;YUELAMU 2;x;
1913;127;201;184;PMARA JUTUNTA;x;
1914;169;204;57;PMARA JUTUNTA 1;x;
1915;1;207;185;ALKWERT;x;
1916;43;210;58;ALKWERT 1;x;
1917;85;0;186;ALKWERT 2;x;
1918;127;3;59;INDARINGINYA;x;
1919;169;6;187;INDARINGINYA 1;x;
1920;1;9;60;AMPILATWATJA;x;
1921;43;12;188;AMPILATWATJA 1;x;
1922;85;15;61;AMPILATWATJA 2;x;
1923;127;18;189;DORATIPPRA;x;
1924;169;21;62;DORATIPPRA 1;x;
1925;1;24;190;DULCIE;x;
1926;43;27;63;DULCIE 1;x;
1927;85;30;191;DULCIE 2;x;
1928;127;33;64;DULCIE 3;x;
1929;169;36;192;ANGARAPA;x;
1930;1;39;65;ANGARAPA 1;x;
1931;43;42;193;ANGARAPA 2;x;
1932;85;45;66;ANGARAPA 3;x;
1933;127;48;194;ALPURRURULAM;x;
1934;169;51;67;ALPURRURULAM 1;x;
1935;1;54;195;BULARNU;x;
1936;43;57;68;ALEWATYERRE;x;
1937;85;60;196;ALEWATYERRE 1;x;
1938;127;63;69;ALEWATYERRE 2;x;
1939;169;66;197;AYWERTE;x;
1940;1;69;70;AYWERTE 1;x;
1941;43;72;198;YERRAMPE;x;
1942;85;75;71;YERRAMPE 1;x;
1943;127;78;199;YERRAMPE 2;x;
1944;169;81;72;RUBY GAP;x;
1945;1;84;200;RUBY GAP 1;x;
1946;43;87;73;RUBY GAP 2;x;
1947;85;90;201;RUBY GAP 3;x;
1948;127;93;74;PMERE NYENTE;x;
1949;169;96;202;PMERE NYENTE 1;x;
1950;1;99;75;PMERE NYENTE 2;x;
1951;43;102;203;OLD ANDADO;x;
1952;85;105;76;OLD ANDADO 1;x;
1953;127;108;204;APUTULA;x;
1954;169;111;77;APUTULA 1;x;
1955;1;114;205;APUTULA 2;x;
1956;43;117;78;TITJIKALA;x;
1957;85;120;206;TITJIKALA 1;x;
1958;127;123;79;TITJIKALA 2;x;
1959;169;126;207;LTYENTYE APURTE;x;
1960;1;129;80;LTYENTYE APURTE 1;x;
1961;43;132;208;LTYENTYE APURTE 2;x;
1962;85;135;81;INJULKAMA;x;
1963;127;138;209;INJULKAMA 1;x;
1964;169;141;82;INJULKAMA 2;x;
1965;1;144;210;HART;x;
1966;43;147;83;HART 1;x;
1967;85;150;211;HART 2;x;
1968;127;153;84;HART 3;x;
1969;169;156;212;ALICE SPRINGS;x;
1970;1;159;85;ALICE SPRINGS 1;x;
1971;43;162;213;ALICE SPRINGS 2;x;
1972;85;165;86;ALICE SPRINGS 3;x;
1973;127;168;214;TJORITJA;x;
1974;169;171;87;TJORITJA 1;x;
1975;1;174;215;TJORITJA 2;x;
1976;43;177;88;ORANGE CREEK;x;
1977;85;180;216;ORANGE CREEK 1;x;
1978;127;183;89;ORANGE CREEK 2;x;
1979;169;186;217;IKUNTJI;x;
1980;1;189;90;IKUNTJI 1;x;
1981;43;192;218;IKUNTJI 2;x;
1982;85;195;91;IKUNTJI 3;x;
1983;127;198;219;MOUNT LIEBIG;x;
1984;169;201;92;MOUNT LIEBIG 1;x;
1985;1;204;220;MOUNT LIEBIG 2;x;
1986;43;207;93;KATITI;x;
1987;85;210;221;WATARRKA;x;
1988;127;0;94;WATARRKA 1;x;
1989;169;3;222;WATARRKA 2;x;
1990;1;6;95;KALTUKATJARA;x;
1991;43;9;223;KALTUKATJARA 1;x;
1992;85;12;96;KALTUKATJARA 2;x;
1993;127;15;224;ULURU;x;
1994;169;18;97;ULURU 1;x;
1995;1;21;225;ULURU 2;x;
1996;43;24;98;KURKUTJARA;x;
1997;85;27;226;KURKUTJARA 1;x;
1998;127;30;99;KURKUTJARA 2;x;
1999;169;33;227;LIDDLE HILLS;x;
2000;2;36;0;LIDDLE HILLS 1;x;
2001;44;39;128;LIDDLE HILLS 2;x;
2002;86;42;1;TIPUNYNGA;x;
2003;128;45;129;TIPUNYNGA 1;x;
2004;170;48;2;TIPUNYNGA 2;x;
2005;2;51;130;ERLDUNDA;x;
2006;44;54;3;ERLDUNDA 1;x;
2007;86;57;131;ERLDUNDA 2;x;
2008;128;60;4;KULGERA;x;
2009;170;63;132;KULGERA 1;x;
2010;2;66;5;KULGERA 2;x;
2011;44;69;133;KULGERA 3;x;
2012;86;72;6;KUNUNURRA;x;
2013;128;75;134;KUNUNURRA 1;x;
2014;170;78;7;KUNUNURRA 2;x;
2015;2;81;135;KUNUNURRA 3;x;
2016;44;84;8;LAKE ARGYLE;x;
2017;86;87;136;LAKE ARGYLE 1;x;
2018;128;90;9;HORNE VALLEY;x;
2019;170;93;137;HORNE VALLEY 1;x;
2020;2;96;10;HORNE VALLEY 2;x;
2021;44;99;138;OOMBULGURRI;x;
2022;86;102;11;OOMBULGURRI 1;x;
2023;128;105;139;OOMBULGURRI 2;x;
2024;170;108;12;OOMBULGURRI 3;x;
2025;2;111;140;CARSON RIVER;x;
2026;44;114;13;CARSON RIVER 1;x;
2027;86;117;141;CARSON RIVER 2;x;
2028;128;120;14;KALUMBURU;x;
2029;170;123;142;KALUMBURU 1;x;
2030;2;126;15;KALUMBURU 2;x;
2031;44;129;143;DRYSDALE;x;
2032;86;132;16;DRYSDALE 1;x;
2033;128;135;144;COUCHMAN;x;
2034;170;138;17;COUCHMAN 1;x;
2035;2;141;145;COUCHMAN 2;x;
2036;44;144;18;ADMIRALTY;x;
2037;86;147;146;ADMIRALTY 1;x;
2038;128;150;19;ADMIRALTY 2;x;
2039;170;153;147;PRINCE REGENT;x;
2040;2;156;20;PRINCE REGENT 1;x;
2041;44;159;148;PRINCE REGENT 2;x;
2042;86;162;21;MARUNBABDI;x;
2043;128;165;149;MARUNBABDI 1;x;
2044;170;168;22;MARUNBABDI 2;x;
2045;2;171;150;KUNMUNYA;x;
2046;44;174;23;KUNMUNYA 1;x;
2047;86;177;151;PANTIJAN;x;
2048;128;180;24;PANTIJAN 1;x;
2049;170;183;152;PANTIJAN 2;x;
2050;2;186;25;SYNNOT;x;
2051;44;189;153;SYNNOT 1;x;
2052;86;192;26;SYNNOT 2;x;
2053;128;195;154;MAITLAND;x;
2054;170;198;27;MAITLAND 1;x;
2055;2;201;155;MAITLAND 2;x;
2056;44;204;28;NGALLAGUNDA;x;
2057;86;207;156;NGALLAGUNDA 1;x;
2058;128;210;29;MOUNT BARNETT;x;
2059;170;0;157;KUPUNGARI;x;
2060;2;3;30;KUPUNGARI 1;x;
2061;44;6;158;NARRIE RANGE;x;
2062;86;9;31;NARRIE RANGE 1;x;
2063;128;12;159;NARRIE RANGE 2;x;
2064;170;15;32;DOON DOON;x;
2065;2;18;160;DOON DOON 1;x;
2066;44;21;33;DOON DOON 2;x;
2067;86;24;161;VIOLET VALLEY;x;
2068;128;27;34;VIOLET VALLEY 1;x;
2069;170;30;162;VIOLET VALLEY 2;x;
2070;2;33;35;BEDFORD DOWNS;x;
2071;44;36;163;BEDFORD DOWNS 1;x;
2072;86;39;36;HALLS CREEK;x;
2073;128;42;164;HALLS CREEK 1;x;
2074;170;45;37;HALLS CREEK 2;x;
2075;2;48;165;DARFU DARFU;x;
2076;44;51;38;DARFU DARFU 1;x;
2077;86;54;166;DARFU DARFU 2;x;
2078;128;57;39;DARFU DARFU 3;x;
2079;170;60;167;PURNULULU;x;
2080;2;63;40;PURNULULU 1;x;
2081;44;66;168;PURNULULU 2;x;
2082;86;69;41;PURNULULU 3;x;
2083;128;72;169;MARELLA GORGE;x;
2084;170;75;42;MARELLA GORGE 1;x;
2085;2;78;170;STURT CREEK;x;
2086;44;81;43;STURT CREEK 1;x;
2087;86;84;171;STURT CREEK 2;x;
2088;128;87;44;KUNDAT DJARU;x;
2089;170;90;172;KUNDAT DJARU 1;x;
2090;2;93;45;MUELLER RANGES;x;
2091;44;96;173;MUELLER RANGES 1;x;
2092;86;99;46;MIMBI CAVES;x;
2093;128;102;174;MIMBI CAVES 1;x;
2094;170;105;47;MIMBI CAVES 2;x;
2095;2;108;175;FITZROY CROSSING;x;
2096;44;111;48;FITZROY CROSSING 1;x;
2097;86;114;176;FITZROY CROSSING 2;x;
2098;128;117;49;LEOPOLD DOWNS;x;
2099;170;120;177;LEOPOLD DOWNS 1;x;
2100;2;123;50;LEOPOLD DOWNS 2;x;
2101;44;126;178;NOONKANBAH;x;
2102;86;129;51;NOONKANBAH 1;x;
2103;128;132;179;NOONKANBAH 2;x;
2104;170;135;52;DEVONIAN REEF;x;
2105;2;138;180;DEVONIAN REEF 1;x;
2106;44;141;53;DEVONIAN REEF 2;x;
2107;86;144;181;POINT TORMET;x;
2108;128;147;54;POINT TORMET 1;x;
2109;170;150;182;POINT TORMET 2;x;
2110;2;153;55;KIMBOLTON;x;
2111;44;156;183;KIMBOLTON 1;x;
2112;86;159;56;KIMBOLTON 2;x;
2113;128;162;184;GHODASH;x;
2114;170;165;57;GHODASH 1;x;
2115;2;168;185;GHODASH 2;x;
2116;44;171;58;GHODASH 3;x;
2117;86;174;186;DADUHT;x;
2118;128;177;59;DADUHT 1;x;
2119;170;180;187;DADUHT 2;x;
2120;2;183;60;KADAKMUKBOM;x;
2121;44;186;188;KADAKMUKBOM 1;x;
2122;86;189;61;KADAKMUKBOM 2;x;
2123;128;192;189;PURBOMHOMOM;x;
2124;170;195;62;PURBOMHOMOM 1;x;
2125;2;198;190;AMHUL;x;
2126;44;201;63;AMHUL 1;x;
2127;86;204;191;AMHUL 2;x;
2128;128;207;64;PAHTIAN;x;
2129;170;210;192;PAHTIAN 1;x;
2130;2;0;65;EMEM;x;
2131;44;3;193;EMEM 1;x;
2132;86;6;66;EMEM 2;x;
2133;128;9;194;OMSAFFSHIDMA;x;
2134;170;12;67;OMSAFFSHIDMA 1;x;
2135;2;15;195;OMSAFFSHIDMA 2;x;
2136;44;18;68;MASHTEPKICHE;x;
2137;86;21;196;MASHTEPKICHE 1;x;
2138;128;24;69;MASHTEPKICHE 2;x;
2139;170;27;197;JASARKI;x;
2140;2;30;70;JASARKI 1;x;
2141;44;33;198;JASARKI 2;x;
2142;86;36;71;JASARKI 3;x;
2143;128;39;199;ELHDADHUL;x;
2144;170;42;72;ELHDADHUL 1;x;
2145;2;45;200;ELHDADHUL 2;x;
2146;44;48;73;GHODADAL;x;
2147;86;51;201;GHODADAL 1;x;
2148;128;54;74;GHODADAL 2;x;
2149;170;57;202;GHODADAL 3;x;
2150;2;60;75;GHODADAL 4;x;
2151;44;63;203;HAMSAFF;x;
2152;86;66;76;HAMSAFF 1;x;
2153;128;69;204;HAMSAFF 2;x;
2154;170;72;77;KASHER;x;
2155;2;75;205;KASHER 1;x;
2156;44;78;78;SHERUSHALEM;x;
2157;86;81;206;SHERUSHALEM 1;x;
2158;128;84;79;SHERUSHALEM 2;x;
2159;170;87;207;SHERUSHALEM 3;x;
2160;2;90;80;SHERUSHALEM 4;x;
2161;44;93;208;DASHKISHO;x;
2162;86;96;81;DASHKISHO 1;x;
2163;128;99;209;DASHKISHO 2;x;
2164;170;102;82;RAFSEPHMASHRA;x;
2165;2;105;210;RAFSEPHMASHRA 1;x;
2166;44;108;83;RAFSEPHMASHRA 2;x;
2167;86;111;211;EMALSAFFRA;x;
2168;128;114;84;EMALSAFFRA 1;x;
2169;170;117;212;RAAL;x;
2170;2;120;85;RAAL 1;x;
2171;44;123;213;RAAL 2;x;
2172;86;126;86;TEPPURSHERJER;x;
2173;128;129;214;TEPPURSHERJER 1;x;
2174;170;132;87;TEPPURSHERJER 2;x;
2175;2;135;215;TEPPURSHERJER 3;x;
2176;44;138;88;MUKKAOSH;x;
2177;86;141;216;MUKKAOSH 1;x;
2178;128;144;89;MUKKAOSH 2;x;
2179;170;147;217;MUKKAOSH 3;x;
2180;2;150;90;MUKKAOSH 4;x;
2181;44;153;218;HUHRSHER;x;
2182;86;156;91;HUHRSHER 1;x;
2183;128;159;219;SHASHTEPEHRGHO;x;
2184;170;162;92;SHASHTEPEHRGHO 1;x;
2185;2;165;220;SHASHTEPEHRGHO 2;x;
2186;44;168;93;PAMMAR;x;
2187;86;171;221;PAMMAR 1;x;
2188;128;174;94;PAMMAR 2;x;
2189;170;177;222;PASHDADIANDUHR;x;
2190;2;180;95;PASHDADIANDUHR 1;x;
2191;44;183;223;PASHDADIANDUHR 2;x;
2192;86;186;96;ELHSHID;x;
2193;128;189;224;ELHSHID 1;x;
2194;170;192;97;ELHSHID 2;x;
2195;2;195;225;BANAM;x;
2196;44;198;98;BANAM 1;x;
2197;86;201;226;OSHAZOMMAR;x;
2198;128;204;99;OSHAZOMMAR 1;x;
2199;170;207;227;OSHAZOMMAR 2;x;
2200;2;210;0;GHALKA;x;
2201;44;0;128;GHALKA 1;x;
2202;86;3;1;OSHGHINAD;x;
2203;128;6;129;OSHGHINAD 1;x;
2204;170;9;2;OSHGHINAD 2;x;
2205;2;12;130;SHOBOMOSH;x;
2206;44;15;3;SHOBOMOSH 1;x;
2207;86;18;131;SHOBOMOSH 2;x;
2208;128;21;4;TEPSHER;x;
2209;170;24;132;TEPSHER 1;x;
2210;2;27;5;EMPASH;x;
2211;44;30;133;EMPASH 1;x;
2212;86;33;6;BOPAHTDINGHAL;x;
2213;128;36;134;BOPAHTDINGHAL 1;x;
2214;170;39;7;MASHASHAR;x;
2215;2;42;135;MASHASHAR 1;x;
2216;44;45;8;MASHASHAR 2;x;
2217;86;48;136;RAZZAL;x;
2218;128;51;9;RAZZAL 1;x;
2219;170;54;137;RAZZAL 2;x;
2220;2;57;10;MASHKAUSHKA;x;
2221;44;60;138;MASHKAUSHKA 1;x;
2222;86;63;11;MASHKAUSHKA 2;x;
2223;128;66;139;TUPASH;x;
2224;170;69;12;TUPASH 1;x;
2225;2;72;140;ALDINPASHHUL;x;
2226;44;75;13;ALDINPASHHUL 1;x;
2227;86;78;141;GHOHOM;x;
2228;128;81;14;GHOHOM 1;x;
2229;170;84;142;TUGHUHR;x;
2230;2;87;15;TUGHUHR 1;x;
2231;44;90;143;TUGHUHR 2;x;
2232;86;93;16;MASHBAN;x;
2233;128;96;144;MASHBAN 1;x;
2234;170;99;17;MASHBAN 2;x;
2235;2;102;145;USHTEP;x;
2236;44;105;18;USHTEP 1;x;
2237;86;108;146;USHTEP 2;x;
2238;128;111;19;HOMTURAF;x;
2239;170;114;147;HOMTURAF 1;x;
2240;2;117;20;HOMTURAF 2;x;
2241;44;120;148;RAMASH;x;
2242;86;123;21;RAMASH 1;x;
2243;128;126;149;RAMASH 2;x;
2244;170;129;22;UHTDINGHIN;x;
2245;2;132;150;UHTDINGHIN 1;x;
2246;44;135;23;UHTDINGHIN 2;x;
2247;86;138;151;HULPUR;x;
2248;128;141;24;HULPUR 1;x;
2249;170;144;152;DASHRAFKIJER;x;
2250;2;147;25;DASHRAFKIJER 1;x;
2251;44;150;153;MAPUSH;x;
2252;86;153;26;MAPUSH 1;x;
2253;128;156;154;MAPUSH 2;x;
2254;170;159;27;PURRAF;x;
2255;2;162;155;PURRAF 1;x;
2256;44;165;28;PURRAF 2;x;
2257;86;168;156;PURRAF 3;x;
2258;128;171;29;PURRAF 4;x;
2259;170;174;157;JERJASJERAM;x;
2260;2;177;30;JERJASJERAM 1;x;
2261;44;180;158;PURTEPELHTEP;x;
2262;86;183;31;PURTEPELHTEP 1;x;
2263;128;186;159;RAFPURDASH;x;
2264;170;189;32;RAFPURDASH 1;x;
2265;2;192;160;RAFPURDASH 2;x;
2266;44;195;33;RAFPURDASH 3;x;
2267;86;198;161;RAFPURDASH 4;x;
2268;128;201;34;GHURADHUHR;x;
2269;170;204;162;GHURADHUHR 1;x;
2270;2;207;35;GHURADHUHR 2;x;
2271;44;210;163;MARGHALCHEAZ;x;
2272;86;0;36;MARGHALCHEAZ 1;x;
2273;128;3;164;MARGHALCHEAZ 2;x;
2274;170;6;37;TEPMARSAFF;x;
2275;2;9;165;TEPMARSAFF 1;x;
2276;44;12;38;TEPMARSAFF 2;x;
2277;86;15;166;BANGHUREMKA;x;
2278;128;18;39;BANGHUREMKA 1;x;
2279;170;21;167;DADPURHAMOM;x;
2280;2;24;40;DADPURHAMOM 1;x;
2281;44;27;168;DADPURHAMOM 2;x;
2282;86;30;41;OSHDADJER;x;
2283;128;33;169;OSHDADJER 1;x;
2284;170;36;42;OSHDADJER 2;x;
2285;2;39;170;EMGHAL;x;
2286;44;42;43;EMGHAL 1;x;
2287;86;45;171;EMGHAL 2;x;
2288;128;48;44;EMGHAL 3;x;
2289;170;51;172;MASHPAMBOM;x;
2290;2;54;45;MASHPAMBOM 1;x;
2291;44;57;173;MASHPAMBOM 2;x;
2292;86;60;46;MASHPAMBOM 3;x;
2293;128;63;174;MASHPAMBOM 4;x;
2294;170;66;47;UHTMAPOSH;x;
2295;2;69;175;UHTMAPOSH 1;x;
2296;44;72;48;UHTMUKKISHASH;x;
2297;86;75;176;UHTMUKKISHASH 1;x;
2298;128;78;49;UHTMUKKISHASH 2;x;
2299;170;81;177;KIGHUR;x;
2300;2;84;50;KIGHUR 1;x;
2301;44;87;178;AZSHID;x;
2302;86;90;51;AZSHID 1;x;
2303;128;93;179;AZSHID 2;x;
2304;170;96;52;KIMASHPAHT;x;
2305;2;99;180;KIMASHPAHT 1;x;
2306;44;102;53;MUKSHEFFSHER;x;
2307;86;105;181;MUKSHEFFSHER 1;x;
2308;128;108;54;MUKSHEFFSHER 2;x;
2309;170;111;182;PUREMJERHAM;x;
2310;2;114;55;PUREMJERHAM 1;x;
2311;44;117;183;PUREMJERHAM 2;x;
2312;86;120;56;PUREMJERHAM 3;x;
2313;128;123;184;PUREMJERHAM 4;x;
2314;170;126;57;GHURALOM;x;
2315;2;129;185;GHURALOM 1;x;
2316;44;132;58;GHURALOM 2;x;
2317;43;63;148;AZUSH;x;
2318;85;66;21;AZUSH 1;x;
2319;127;69;149;IANGHO;x;
2320;169;72;22;IANGHO 1;x;
2321;1;75;150;PAHTSEPH;x;
2322;43;78;23;PAHTSEPH 1;x;
2323;85;81;151;UHTEHR;x;
2324;127;84;24;UHTEHR 1;x;
2325;169;87;152;UHTEHR 2;x;
2326;1;90;25;TEPCHEMA;x;
2327;43;93;153;TEPCHEMA 1;x;
2328;85;96;26;TEPCHEMA 2;x;
2329;127;99;154;ADDIN;x;
2330;169;102;27;ADDIN 1;x;
2331;1;105;155;HAMHUHR;x;
2332;43;108;28;HAMHUHR 1;x;
2333;128;183;194;HAMHUHR 2;x;
2334;170;186;67;HAMHUHR 3;x;
2335;2;189;195;HAMHUHR 4;x;
2336;44;192;68;TUUHTGHAL;x;
2337;86;195;196;TUUHTGHAL 1;x;
2338;128;198;69;TUUHTGHAL 2;x;
2339;85;111;156;TUUHTGHAL 3;x;
2340;127;114;29;TUUHTGHAL 4;x;
2341;169;117;157;PAHSTAFF;x;
2342;86;210;71;PAHSTAFF 1;x;
2343;128;0;199;PAHSTAFF 2;x;
2344;170;3;72;PAHSTAFF 3;x;
2345;2;6;200;PAHSTAFF 4;x;
2346;44;9;73;SAFFROBRA;x;
2347;86;12;201;SAFFROBRA 1;x;
2348;128;15;74;PAMTUIAN;x;
2349;170;18;202;AGALSHID;x;
2350;2;21;75;AGALSHID 1;x;
2351;44;24;203;AGALSHID 2;x;
2352;86;27;76;AGMA;x;
2353;128;30;204;AGMA 1;x;
2354;170;33;77;AGMA 2;x;
2355;2;36;205;AGMA 3;x;
2356;44;39;78;AGMA 4;x;
2357;86;42;206;ROBSEPHKI;x;
2358;128;45;79;ROBSEPHKI 1;x;
2359;170;48;207;ROBSEPHKI 2;x;
2360;2;51;80;HAMEHRSHIDAD;x;
2361;44;54;208;HAMEHRSHIDAD 1;x;
2362;86;57;81;GHOAMSHO;x;
2363;128;60;209;GHOAMSHO 1;x;
2364;170;63;82;GHOAMSHO 2;x;
2365;2;66;210;USHCHEOSHRA;x;
2366;44;69;83;USHCHEOSHRA 1;x;
2367;86;72;211;USHCHEOSHRA 2;x;
2368;128;75;84;UHTHUHROM;x;
2369;170;78;212;UHTHUHROM 1;x;
2370;2;81;85;UHTHUHROM 2;x;
2371;44;84;213;HOMAMDUHR;x;
2372;86;87;86;HOMAMDUHR 1;x;
2373;128;90;214;HOMAMDUHR 2;x;
2374;170;93;87;JASRA;x;
2375;2;96;215;JASRA 1;x;
2376;44;99;88;JASRA 2;x;
2377;86;102;216;ARJASIAN;x;
2378;128;105;89;ARJASIAN 1;x;
2379;170;108;217;ARJASIAN 2;x;
2380;2;111;90;ARJASIAN 3;x;
2381;44;114;218;ARJASIAN 4;x;
2382;86;117;91;GHALHAM;x;
2383;128;120;219;GHALHAM 1;x;
2384;170;123;92;GHALHAM 2;x;
2385;2;126;220;JASKIUSHDAD;x;
2386;44;129;93;JASKIUSHDAD 1;x;
2387;86;132;221;JASKIUSHDAD 2;x;
2388;128;135;94;HUHRIANPUSH;x;
2389;170;138;222;HUHRIANPUSH 1;x;
2390;2;141;95;HUHRIANPUSH 2;x;
2391;44;144;223;HUHRIANPUSH 3;x;
2392;86;147;96;AGCHE;x;
2393;128;150;224;JASHULSAFF;x;
2394;170;153;97;GHOPAM;x;
2395;2;156;225;GHOPAM 1;x;
2396;44;159;98;SHIDTEP;x;
2397;86;162;226;SHIDTEP 1;x;
2398;128;165;99;TEPHULAMPUR;x;
2399;170;168;227;TEPHULAMPUR 1;x;
2400;2;171;0;TEPHULAMPUR 2;x;
2401;44;174;128;TEPHULAMPUR 3;x;
2402;86;177;1;RAFPUSHKIHUHR;x;
2403;128;180;129;MUKSHOHAMAG;x;
2404;170;183;2;ROBCHEPUR;x;
2405;2;186;130;ROBCHEPUR 1;x;
2406;44;189;3;ROBCHEPUR 2;x;
2407;86;192;131;PASHALHULGHO;x;
2408;128;195;4;PASHALHULGHO 1;x;
2409;170;198;132;PASHALHULGHO 2;x;
2410;2;201;5;PASHALHULGHO 3;x;
2411;44;204;133;PASHALHULGHO 4;x;
2412;86;207;6;MARSHIDAD;x;
2413;128;210;134;SEPHMASH;x;
2414;170;0;7;HULDINOM;x;
2415;2;3;135;HULDINOM 1;x;
2416;44;6;8;HULDINOM 2;x;
2417;86;9;136;JERMAR;x;
2418;128;12;9;JERMAR 1;x;
2419;170;15;137;JERMAR 2;x;
2420;2;18;10;JERMAR 3;x;
2421;44;21;138;SOUTH BEACH;x;
2422;86;24;11;SOUTH BEACH 1;x;
2423;128;27;139;SOUTH BEACH 2;x;
2424;170;30;12;YARRIE MINE;x;
2425;2;33;140;YARRIE MINE 1;x;
2426;44;36;13;PORT HEDLAND;x;
2427;86;39;141;PORT HEDLAND 1;x;
2428;128;42;14;PORT HEDLAND 2;x;
2429;170;45;142;PORT HEDLAND 3;x;
2430;2;48;15;MARBLE BAR;x;
2431;44;51;143;MARBLE BAR 1;x;
2432;86;54;16;MARBLE BAR 2;x;
2433;128;57;144;NULLAGINE;x;
2434;170;60;17;NULLAGINE 1;x;
2435;2;63;145;SKULL SPRINGS;x;
2436;44;66;18;SKULL SPRINGS 1;x;
2437;86;69;146;MOUNT DIVIDE;x;
2438;128;72;19;ROY HILL;x;
2439;170;75;147;ROY HILL 1;x;
2440;2;78;20;JIGALONG;x;
2441;44;81;148;JIGALONG 1;x;
2442;86;84;21;JIGALONG 2;x;
2443;128;87;149;BONNEY DOWNS;x;
2444;170;90;22;BONNEY DOWNS 1;x;
2445;2;93;150;YANDCOOGINA;x;
2446;44;96;23;YANDCOOGINA 1;x;
2447;86;99;151;NEWMAN;x;
2448;128;102;24;NEWMAN 1;x;
2449;170;105;152;DINGO;x;
2450;2;108;25;DINGO 1;x;
2451;44;111;153;PRAIRIE DOWNS;x;
2452;86;114;26;PRAIRIE DOWNS 1;x;
2453;128;117;154;PRAIRIE DOWNS 2;x;
2454;170;120;27;CAPRICORN;x;
2455;2;123;155;CAPRICORN 1;x;
2456;44;126;28;KARIJINI;x;
2457;86;129;156;KARIJINI 1;x;
2458;128;132;29;KARIJINI 2;x;
2459;170;135;157;TOM PRICE;x;
2460;2;138;30;TOM PRICE 1;x;
2461;44;141;158;TOM PRICE 2;x;
2462;86;144;31;PARABURDOO;x;
2463;128;147;159;PARABURDOO 1;x;
2464;170;150;32;PARABURDOO 2;x;
2465;2;153;160;PANNAWONICA;x;
2466;44;156;33;WOOROCOONDA;x;
2467;86;159;161;WOOROCOONDA 1;x;
2468;128;162;34;SHERLOCK;x;
2469;170;165;162;SHERLOCK 1;x;
2470;2;168;35;CROYDON;x;
2471;44;171;163;CROYDON 1;x;
2472;86;174;36;MUNGAROONA;x;
2473;128;177;164;MUNGAROONA 1;x;
2474;170;180;37;MUNGAROONA 2;x;
2475;2;183;165;HOOLEY;x;
2476;44;186;38;HOOLEY 1;x;
2477;86;189;166;MILLSTREAM;x;
2478;128;192;39;MILLSTREAM 1;x;
2479;170;195;167;MILLSTREAM 2;x;
2480;2;198;40;KARRATHA;x;
2481;44;201;168;KARRATHA 1;x;
2482;86;204;41;KARRATHA 2;x;
2483;128;207;169;FORTESCUE;x;
2484;170;210;42;FORTESCUE 1;x;
2485;2;0;170;FORTESCUE 2;x;
2486;44;3;43;ONSLOW;x;
2487;86;6;171;ONSLOW 1;x;
2488;128;9;44;ONSLOW 2;x;
2489;170;12;172;ONSLOW 3;x;
2490;2;15;45;GIRALIA;x;
2491;44;18;173;GIRALIA 1;x;
2492;86;21;46;EMU CREEK;x;
2493;128;24;174;EXMOUTH;x;
2494;170;27;47;EXMOUTH 1;x;
2495;2;30;175;EXMOUTH 2;x;
2496;44;33;48;WINNING;x;
2497;86;36;176;WINNING 1;x;
2498;128;39;49;WINNING 2;x;
2499;170;42;177;WINNING 3;x;
2500;2;45;50;MRILYA BRIDGE;x;
2501;44;48;178;MRILYA BRIDGE 1;x;
2502;86;51;51;MACLEOD;x;
2503;128;54;179;MACLEOD 1;x;
2504;170;57;52;CARNARVON TOWN;x;
2505;2;60;180;INGGARDA;x;
2506;44;63;53;INGGARDA 1;x;
2507;86;66;181;BARLEE;x;
2508;128;69;54;BARLEE 1;x;
2509;170;72;182;BARLEE 2;x;
2510;2;75;55;ULLAWARA;x;
2511;44;78;183;ULLAWARA 1;x;
2512;86;81;56;KENNEDY RANGE;x;
2513;128;84;184;KENNEDY RANGE 1;x;
2514;170;87;57;KENNEDY RANGE 2;x;
2515;2;90;185;CLIFFORD;x;
2516;44;93;58;CLIFFORD 1;x;
2517;86;96;186;CLIFFORD 2;x;
2518;128;99;59;LYONS RIVER;x;
2519;170;102;187;LYONS RIVER 1;x;
2520;2;105;60;LYONS RIVER 2;x;
2521;44;108;188;WOORAMEL;x;
2522;86;111;61;WOORAMEL 1;x;
2523;128;114;189;GILROYD;x;
2524;170;117;62;GILROYD 1;x;
2525;2;120;190;GILROYD 2;x;
2526;44;123;63;DAIRY CREEK;x;
2527;86;126;191;DAIRY CREEK 1;x;
2528;128;129;64;MILLY MILLY;x;
2529;170;132;192;MILLY MILLY 1;x;
2530;2;135;65;PERON;x;
2531;44;138;193;PERON 1;x;
2532;86;141;66;PERON 2;x;
2533;128;144;194;TOOLONGA;x;
2534;170;147;67;TOOLONGA 1;x;
2535;2;150;195;TOOLONGA 2;x;
2536;44;153;68;NOOKAWARRA;x;
2537;86;156;196;NOOKAWARRA 1;x;
2538;128;159;69;NOOKAWARRA 2;x;
2539;170;162;197;BILLABALONG;x;
2540;2;165;70;BILLABALONG 1;x;
2541;44;168;198;BILLABALONG 2;x;
2542;86;171;71;BILLABALONG 3;x;
2543;128;174;199;BILLABALONG 4;x;
2544;170;177;72;PINEGROVE;x;
2545;2;180;200;PINEGROVE 1;x;
2546;44;183;73;PINEGROVE 2;x;
2547;86;186;201;WANNA;x;
2548;128;189;74;WANNA 1;x;
2549;170;192;202;MOUNT VERNON;x;
2550;2;195;75;MOUNT VERNON 1;x;
2551;44;198;203;MOUNT AUGUSTUS;x;
2552;86;201;76;MOUNT AUGUSTUS 1;x;
2553;128;204;204;MOUNT AUGUSTUS 2;x;
2554;170;207;77;MULGUI;x;
2555;2;210;205;MULGUI 1;x;
2556;44;0;78;COLLIER;x;
2557;86;3;206;COLLIER 1;x;
2558;128;6;79;NEDS CREEK;x;
2559;170;9;207;NEDS CREEK 1;x;
2560;2;12;80;NEDS CREEK 2;x;
2561;44;15;208;BRYAH;x;
2562;86;18;81;BRYAH 1;x;
2563;128;21;209;DOOLGUNNA;x;
2564;170;24;82;DOOLGUNNA 1;x;
2565;2;27;210;DOOLGUNNA 2;x;
2566;44;30;83;CLARE;x;
2567;86;33;211;CLARE 1;x;
2568;128;36;84;LANDOR;x;
2569;170;39;212;LANDOR 1;x;
2570;2;42;85;MOUNT GOULD;x;
2571;44;45;213;MOUNT GOULD 1;x;
2572;86;48;86;BERINGARRA;x;
2573;128;51;214;BUTTAH;x;
2574;170;54;87;BUTTAH 1;x;
2575;2;57;215;BUTTAH 2;x;
2576;44;60;88;MOUNT WITTENOOM;x;
2577;86;63;216;MOUNT WITTENOOM 1;x;
2578;128;66;89;MOUNT WITTENOOM 2;x;
2579;170;69;217;MOUNT WITTENOOM 3;x;
2580;2;72;90;MEEKATHARRA;x;
2581;44;75;218;MEEKATHARRA 1;x;
2582;86;78;91;MEEKATHARRA 2;x;
2583;128;81;219;MEEKATHARRA 3;x;
2584;170;84;92;DALGARANGA;x;
2585;2;87;220;DALGARANGA 1;x;
2586;44;90;93;DALGARANGA 2;x;
2587;86;93;221;COGLA;x;
2588;128;96;94;COGLA 1;x;
2589;170;99;222;WONDIMONG;x;
2590;2;102;95;WONDIMONG 1;x;
2591;44;105;223;WALGI GUNYA;x;
2592;86;108;96;WALGI GUNYA 1;x;
2593;128;111;224;WALGI GUNYA 2;x;
2594;170;114;97;NORTH POOL;x;
2595;2;117;225;NORTH POOL 1;x;
2596;44;120;98;MOUNT KEITH MINE;x;
2597;86;123;226;MOUNT KEITH MINE 1;x;
2598;128;126;99;DEPOT SPRINGS;x;
2599;170;129;227;DEPOT SPRINGS 1;x;
2600;2;132;0;MOUNT GOODE;x;
2601;44;135;128;EX CARRARANG;x;
2602;86;138;1;EX CARRARANG 1;x;
2603;128;141;129;KALBARRI;x;
2604;170;144;2;KALBARRI 1;x;
2605;2;147;130;KALBARRI 2;x;
2606;44;150;3;KALBARRI 3;x;
2607;86;153;131;GERALDTON;x;
2608;128;156;4;GERALDTON 1;x;
2609;170;159;132;GERALDTON 2;x;
2610;2;162;5;GERALDTON 3;x;
2611;44;165;133;DONGARA;x;
2612;86;168;6;DONGARA 1;x;
2613;128;171;134;DONGARA 2;x;
2614;170;174;7;DONGARA 3;x;
2615;2;177;135;MORAWA;x;
2616;44;180;8;MORAWA 1;x;
2617;86;183;136;MORAWA 2;x;
2618;128;186;9;MORAWA 3;x;
2619;170;189;137;MORAWA 4;x;
2620;2;192;10;COOROW;x;
2621;44;195;138;COOROW 1;x;
2622;86;198;11;COOROW 2;x;
2623;128;201;139;COOROW 3;x;
2624;170;204;12;CADOUX;x;
2625;2;207;140;CADOUX 1;x;
2626;44;210;13;CADOUX 2;x;
2627;86;0;141;CAPAMAURO;x;
2628;128;3;14;CAPAMAURO 1;x;
2629;170;6;142;CAPAMAURO 2;x;
2630;2;9;15;CATABY;x;
2631;44;12;143;CATABY 1;x;
2632;86;15;16;CATABY 2;x;
2633;128;18;144;CATABY 3;x;
2634;170;21;17;MOORA;x;
2635;2;24;145;MOORA 1;x;
2636;44;27;18;MOORA 2;x;
2637;86;30;146;MOORA 3;x;
2638;128;33;19;BENCUBBIN;x;
2639;170;36;147;BENCUBBIN 1;x;
2640;2;39;20;DOWERIN;x;
2641;44;42;148;DOWERIN 1;x;
2642;86;45;21;DOWERIN 2;x;
2643;128;48;149;DOWERIN 3;x;
2644;170;51;22;MOORING ROCK;x;
2645;2;54;150;MOORING ROCK 1;x;
2646;44;57;23;MOORING ROCK 2;x;
2647;86;60;151;MERREDIN;x;
2648;128;63;24;DANGIN;x;
2649;170;66;152;DANGIN 1;x;
2650;2;69;25;DANGIN 2;x;
2651;44;72;153;GINGIN;x;
2652;86;75;26;GINGIN 1;x;
2653;128;78;154;GINGIN 2;x;
2654;170;81;27;NORTHAM;x;
2655;2;84;155;NORTHAM 1;x;
2656;44;87;28;NORTHAM 2;x;
2657;86;90;156;PERTH;x;
2658;128;93;29;PERTH 1;x;
2659;170;96;157;PERTH 2;x;
2660;2;99;30;PERTH 3;x;
2661;44;102;158;PERTH 4;x;
2662;86;105;31;NARROGIN;x;
2663;128;108;159;NARROGIN 1;x;
2664;170;111;32;NARROGIN 2;x;
2665;2;114;160;MANDURAH;x;
2666;44;117;33;MANDURAH 1;x;
2667;86;120;161;MANDURAH 2;x;
2668;128;123;34;BUNBURY;x;
2669;170;126;162;BUNBURY 1;x;
2670;2;129;35;BUNBURY 2;x;
2671;44;132;163;BUNBURY 3;x;
2672;86;135;36;WAGIN;x;
2673;128;138;164;WAGIN 1;x;
2674;170;141;37;WAGIN 2;x;
2675;2;144;165;WAGIN 3;x;
2676;44;147;38;WAGIN 4;x;
2677;86;150;166;MARGARET RIVER;x;
2678;128;153;39;MARGARET RIVER 1;x;
2679;170;156;167;MARGARET RIVER 2;x;
2680;2;159;40;MARGARET RIVER 3;x;
2681;44;162;168;BRIDGETOWN;x;
2682;86;165;41;BRIDGETOWN 1;x;
2683;128;168;169;BRIDGETOWN 2;x;
2684;170;171;42;BRIDGETOWN 3;x;
2685;2;174;170;KOJONUP;x;
2686;44;177;43;KOJONUP 1;x;
2687;86;180;171;KOJONUP 2;x;
2688;128;183;44;KOJONUP 3;x;
2689;170;186;172;MOUNT BARKER;x;
2690;2;189;45;MOUNT BARKER 1;x;
2691;44;192;173;MOUNT BARKER 2;x;
2692;86;195;46;MOUNT BARKER 3;x;
2693;128;198;174;ALBANY;x;
2694;170;201;47;ALBANY 1;x;
2695;2;204;175;ALBANY 2;x;
2696;44;207;48;HYDEN;x;
2697;86;210;176;HYDEN 1;x;
2698;128;0;49;HYDEN 2;x;
2699;170;3;177;HYDEN 3;x;
2700;2;6;50;LAKE BIDDY;x;
2701;44;9;178;LAKE BIDDY 1;x;
2702;86;12;51;JITARNING;x;
2703;128;15;179;JITARNING 1;x;
2704;170;18;52;JITARNING 2;x;
2705;2;21;180;JITARNING 3;x;
2706;44;24;53;LAKE MAGENTA;x;
2707;86;27;181;LAKE MAGENTA 1;x;
2708;128;30;54;LAKE MAGENTA 2;x;
2709;170;33;182;CAPE RICHE;x;
2710;2;36;55;CAPE RICHE 1;x;
2711;44;39;183;CAPE RICHE 2;x;
2712;86;42;56;CAPE RICHE 3;x;
2713;128;45;184;FITZGERALD RIVER;x;
2714;170;48;57;FITZGERALD RIVER 1;x;
2715;2;51;185;FITZGERALD RIVER 2;x;
2716;44;54;58;DUNN ROCK;x;
2717;86;57;186;DUNN ROCK 1;x;
2718;128;60;59;DUNN ROCK 2;x;
2719;170;63;187;WURARGA;x;
2720;2;66;60;WURARGA 1;x;
2721;44;69;188;WURARGA 2;x;
2722;86;72;61;MOUNT MAGNET;x;
2723;128;75;189;MOUNT MAGNET 1;x;
2724;170;78;62;MOUNT MAGNET 2;x;
2725;2;81;190;THUNDELARRA;x;
2726;44;84;63;THUNDELARRA 1;x;
2727;86;87;191;THUNDELARRA 2;x;
2728;128;90;64;PAYNES FIND;x;
2729;170;93;192;PAYNES FIND 1;x;
2730;2;96;65;PAYNES FIND 2;x;
2731;44;99;193;PAYNES FIND 3;x;
2732;86;102;66;WINDSOR;x;
2733;128;105;194;WINDSOR 1;x;
2734;170;108;67;WINDSOR 2;x;
2735;2;111;195;LAKE BARLOO;x;
2736;44;114;68;LAKE BARLOO 1;x;
2737;86;117;196;LAKE BARLOO 2;x;
2738;128;120;69;KARROUN HILL;x;
2739;170;123;197;KARROUN HILL 1;x;
2740;2;126;70;BONNIE ROCK;x;
2741;44;129;198;BONNIE ROCK 1;x;
2742;86;132;71;LEINSTER;x;
2743;128;135;199;LEINSTER 1;x;
2744;170;138;72;LEINSTER 2;x;
2745;2;141;200;LEINSTER 3;x;
2746;44;144;73;LITTLE MILL;x;
2747;86;147;201;LITTLE MILL 1;x;
2748;128;150;74;COSMO NEWBERRY;x;
2749;170;153;202;COSMO NEWBERRY 1;x;
2750;2;156;75;COSMO NEWBERRY 2;x;
2751;44;159;203;LEONORA;x;
2752;86;162;76;LEONORA 1;x;
2753;128;165;204;LEONORA 2;x;
2754;170;168;77;LEONORA 3;x;
2755;2;171;205;ADELONG;x;
2756;44;174;78;ADELONG 1;x;
2757;86;177;206;ADELONG 2;x;
2758;128;180;79;LAVERTON;x;
2759;170;183;207;LAVERTON 1;x;
2760;2;186;80;LAVERTON 2;x;
2761;44;189;208;YUNDAMINDERA;x;
2762;86;192;81;YUNDAMINDERA 1;x;
2763;128;195;209;YURILA;x;
2764;170;198;82;YURILA 1;x;
2765;2;201;210;YURILA 2;x;
2766;44;204;83;PINJIN;x;
2767;86;207;211;PINJIN 1;x;
2768;128;210;84;PINJIN 2;x;
2769;170;0;212;QUEEN VICTORIA SPRING;x;
2770;2;3;85;QUEEN VICTORIA SPRING 1;x;
2771;44;6;213;MOUNT MANNING;x;
2772;86;9;86;MOUNT MANNING 1;x;
2773;128;12;214;DAVYHURST;x;
2774;170;15;87;DAVYHURST 1;x;
2775;2;18;215;CANEGRASS;x;
2776;44;21;88;CANEGRASS 1;x;
2777;86;24;216;CANEGRASS 2;x;
2778;128;27;89;KOOLYANOBBING;x;
2779;170;30;217;KOOLYANOBBING 1;x;
2780;2;33;90;KOOLYANOBBING 2;x;
2781;44;36;218;BOORABBIN;x;
2782;86;39;91;BOORABBIN 1;x;
2783;128;42;219;KALGOORLIE BOULDER;x;
2784;170;45;92;KALGOORLIE BOULDER 1;x;
2785;2;48;220;KALGOORLIE BOULDER 2;x;
2786;44;51;93;KALGOORLIE BOULDER 3;x;
2787;86;54;221;GINDALBIE;x;
2788;128;57;94;GINDALBIE 1;x;
2789;170;60;222;GINDALBIE 2;x;
2790;2;63;95;GINDALBIE 3;x;
2791;44;66;223;KAMBALDA;x;
2792;86;69;96;CHIFFEY;x;
2793;128;72;224;CHIFFEY 1;x;
2794;170;75;97;CHIFFEY 2;x;
2795;2;78;225;MADPOONA;x;
2796;44;81;98;MADPOONA 1;x;
2797;86;84;226;MADPOONA 2;x;
2798;128;87;99;ZANTHUS;x;
2799;170;90;227;ZANTHUS 1;x;
2800;2;93;0;ZANTHUS 2;x;
2801;44;96;128;JILBADJ;x;
2802;86;99;1;JILBADJ 1;x;
2803;128;102;129;YELLOWDINE;x;
2804;170;105;2;YELLOWDINE 1;x;
2805;2;108;130;GOLDFIELDS WOODLANDS;x;
2806;44;111;3;GOLDFIELDS WOODLANDS 1;x;
2807;86;114;131;GOLDFIELDS WOODLANDS 2;x;
2808;128;117;4;HOLT ROCK;x;
2809;170;120;132;HOLT ROCK 1;x;
2810;2;123;5;HOLT ROCK 2;x;
2811;44;126;133;BREMER;x;
2812;86;129;6;BREMER 1;x;
2813;128;132;134;BREMER 2;x;
2814;170;135;7;BREMER 3;x;
2815;2;138;135;BREMER 4;x;
2816;44;141;8;NORSEMAN;x;
2817;86;144;136;NORSEMAN 1;x;
2818;128;147;9;NORSEMAN 2;x;
2819;170;150;137;NORSEMAN 3;x;
2820;2;153;10;GRASS PATCH;x;
2821;44;156;138;GRASS PATCH 1;x;
2822;86;159;11;GRASS PATCH 2;x;
2823;128;162;139;DUNDAS NATURE RESERVE;x;
2824;170;165;12;DUNDAS NATURE RESERVE 1;x;
2825;2;168;140;DUNDAS NATURE RESERVE 2;x;
2826;44;171;13;DUNDAS NATURE RESERVE 3;x;
2827;86;174;141;BALLADONIA;x;
2828;128;177;14;BALLADONIA 1;x;
2829;170;180;142;BALLADONIA 2;x;
2830;2;183;15;RAVENSTHORPE;x;
2831;44;186;143;RAVENSTHORPE 1;x;
2832;86;189;16;RAVENSTHORPE 2;x;
2833;128;192;144;MUNGLINUP;x;
2834;170;195;17;MUNGLINUP 1;x;
2835;2;198;145;MUNGLINUP 2;x;
2836;44;201;18;ESPERANCE;x;
2837;86;204;146;ESPERANCE 1;x;
2838;128;207;19;ESPERANCE 2;x;
2839;170;210;147;BOYATUP;x;
2840;2;0;20;BOYATUP 1;x;
2841;44;3;148;BOYATUP 2;x;
2842;86;6;21;BOYATUP 3;x;
2843;128;9;149;DEMPOSTE;x;
2844;170;12;22;DEMPOSTE 1;x;
2845;2;15;150;DEMPOSTE 2;x;
2846;44;18;23;CAPE ARID;x;
2847;86;21;151;CAPE ARID 1;x;
2848;128;24;24;CAPE ARID 2;x;
2849;170;27;152;MATHEUS;x;
2850;2;30;25;MATHEUS 1;x;
2851;44;33;153;PONDAMA;x;
2852;86;36;26;PONDAMA 1;x;
2853;128;39;154;WOORLBA;x;
2854;170;42;27;WOORLBA 1;x;
2855;2;45;155;NUYTSLAND;x;
2856;44;48;28;NUYTSLAND 1;x;
2857;86;51;156;NUYTSLAND 2;x;
2858;128;54;29;CARSTON;x;
2859;170;57;157;CARSTON 1;x;
2860;2;60;30;RAWLINNA;x;
2861;44;63;158;RAWLINNA 1;x;
2862;86;66;31;RAWLINNA 2;x;
2863;128;69;159;DORTMUND;x;
2864;170;72;32;DORTMUND 1;x;
2865;2;75;160;DORTMUND 2;x;
2866;44;78;33;PLIMRIDGE;x;
2867;86;81;161;PLIMRIDGE 1;x;
2868;128;84;34;PREMIER;x;
2869;170;87;162;PREMIER 1;x;
2870;2;90;35;TYSONIA;x;
2871;44;93;163;TYSONIA 1;x;
2872;86;96;36;SLEEPER CAMP;x;
2873;128;99;164;SLEEPER CAMP 1;x;
2874;170;102;37;SLEEPER CAMP 2;x;
2875;2;105;165;SOUTH VICTORIA DESERT;x;
2876;44;108;38;SOUTH VICTORIA DESERT 1;x;
2877;86;111;166;SOUTH VICTORIA DESERT 2;x;
2878;128;114;39;MARVIN;x;
2879;170;117;167;MARVIN 1;x;
2880;2;120;40;HURON;x;
2881;44;123;168;HURON 1;x;
2882;86;126;41;HURON 2;x;
2883;128;129;169;HURON 3;x;
2884;170;132;42;HURON 4;x;
2885;2;135;170;COCKLEBIDDY;x;
2886;44;138;43;COCKLEBIDDY 1;x;
2887;86;141;171;KYBO;x;
2888;128;144;44;KYBO 1;x;
2889;170;147;172;KYBO 2;x;
2890;2;150;45;KYBO 3;x;
2891;44;153;173;MADURA;x;
2892;86;156;46;MADURA 1;x;
2893;128;159;174;MADURA 2;x;
2894;170;162;47;MUNDRABILLA;x;
2895;2;165;175;MUNDRABILLA 1;x;
2896;44;168;48;MUNDRABILLA 2;x;
2897;86;171;176;EUCLA;x;
2898;128;174;49;EUCLA 1;x;
2899;170;177;177;EUCLA 2;x;
2900;2;180;50;COOK STATION;x;
2901;44;183;178;COOK STATION 1;x;
2902;86;186;51;WEST YELLABINNA;x;
2903;128;189;179;WEST YELLABINNA 1;x;
2904;170;192;52;NULLARBOR CLIFFS;x;
2905;2;195;180;NULLARBOR CLIFFS 1;x;
2906;44;198;53;NULLARBOR CLIFFS 2;x;
2907;86;201;181;BOAMSAFFSAFF;x;
2908;128;204;54;BUCKLEBOO;x;
2909;170;207;182;BUCKLEBOO 1;x;
2910;2;210;55;BUCKLEBOO 2;x;
2911;44;0;183;BUCKLEBOO 3;x;
2912;86;3;56;GAIRDNER;x;
2913;128;6;184;GAIRDNER 1;x;
2914;170;9;57;WOOMERA;x;
2915;2;12;185;WOOMERA 1;x;
2916;44;15;58;GLENDAMBO;x;
2917;86;18;186;GLENDAMBO 1;x;
2918;128;21;59;TARCOOLA;x;
2919;170;24;187;TARCOOLA 1;x;
2920;2;27;60;TARCOOLA 2;x;
2921;44;30;188;EAST YELLABINNA;x;
2922;86;33;61;EAST YELLABINNA 1;x;
2923;128;36;189;EAST YELLABINNA 2;x;
2924;170;39;62;GINA;x;
2925;2;42;190;GINA 1;x;
2926;44;45;63;MARALINGA;x;
2927;86;48;191;MARALINGA 1;x;
2928;128;51;64;MAURICE;x;
2929;170;54;192;MAMUNGARI;x;
2930;2;57;65;EMU JUNCTION;x;
2931;44;60;193;EMU JUNCTION 1;x;
2932;86;63;66;TALLARINGA;x;
2933;128;66;194;TALLARINGA 1;x;
2934;170;69;67;CARDNEY;x;
2935;2;72;195;COOBER PEDY;x;
2936;44;75;68;COOBER PEDY 1;x;
2937;86;78;196;COOBER PEDY 2;x;
2938;128;81;69;MOUNT EBA;x;
2939;170;84;197;MOUNT EBA 1;x;
2940;2;87;70;OLD PEAKE;x;
2941;44;90;198;OLD PEAKE 1;x;
2942;86;93;71;OLD PEAKE 2;x;
2943;128;96;199;OODNADATTA;x;
2944;170;99;72;PEDIRKA;x;
2945;2;102;200;PEDIRKA 1;x;
2946;44;105;73;WITJIRA;x;
2947;86;108;201;WITJIRA 1;x;
2948;128;111;74;MARREE;x;
2949;170;114;202;MARREE 1;x;
2950;2;117;75;MARREE 2;x;
2951;44;120;203;VULKATHUNHA;x;
2952;86;123;76;VULKATHUNHA 1;x;
2953;128;126;204;CALLABONNA;x;
2954;170;129;77;CALLABONNA 1;x;
2955;2;132;205;BOLLARDS LAGOON;x;
2956;44;135;78;BOLLARDS LAGOON 1;x;
2957;86;138;206;STRZELECKI;x;
2958;128;141;79;TIRARI DESERT;x;
2959;170;144;207;INNAMINCKA;x;
2960;2;147;80;INNAMINCKA 1;x;
2961;44;150;208;INNAMINCKA 2;x;
2962;86;153;81;STURT STONY DESERT;x;
2963;128;156;209;STURT STONY DESERT 1;x;
2964;170;159;82;STURT STONY DESERT 2;x;
2965;2;162;210;WARBURTON CROSSING;x;
2966;44;165;83;WARBURTON CROSSING 1;x;
2967;86;168;211;KALAMURINA;x;
2968;128;171;84;lake_1;x;
2969;170;174;212;lake_2;x;
2970;2;177;85;lake_3;x;
2971;44;180;213;lake_4;x;
2972;86;183;86;lake_5;x;
2973;128;186;214;lake_6;x;
2974;170;189;87;lake_7;x;
2975;2;192;215;lake_8;x;
2976;44;195;88;lake_9;x;
2977;86;198;216;impassable_1;x;
2978;128;201;89;impassable_2;x;
2979;170;204;217;impassable_3;x;
2980;2;207;90;impassable_4;x;
2981;44;210;218;impassable_5;x;
2982;86;0;91;impassable_6;x;
2983;128;3;219;impassable_7;x;
2984;170;6;92;impassable_8;x;
2985;2;9;220;impassable_9;x;
2986;44;12;93;lake_10;x;
2987;86;15;221;RAKIURA;x;
2988;128;18;94;WAIHOPAI;x;
2989;170;21;222;WAIHOPAI 1;x;
2990;2;24;95;WAIHOPAI 2;x;
2991;44;27;223;WAIHOPAI 3;x;
2992;86;30;96;WAIHOPAI 4;x;
2993;128;33;224;TUTAPERE;x;
2994;170;36;97;TE ANA-AU;x;
2995;2;39;225;TE ANA-AU 1;x;
2996;44;42;98;TE ANA-AU 2;x;
2997;86;45;226;IWIKATEA;x;
2998;128;48;99;IWIKATEA 1;x;
2999;170;51;227;IWIKATEA 2;x;
3000;3;54;0;IWIKATEA 3;x;
3001;45;57;128;IWIKATEA 4;x;
3002;87;60;1;OKAHU;x;
3003;129;63;129;OKAHU 1;x;
3004;171;66;2;AWARUA;x;
3005;3;69;130;AWARUA 1;x;
3006;45;72;3;AWARUA 2;x;
3007;87;75;131;AWARUA 3;x;
3008;129;78;4;HOKITIKA;x;
3009;171;81;132;HOKITIKA 1;x;
3010;3;84;5;DUNEDIN;x;
3011;45;87;133;DUNEDIN 1;x;
3012;87;90;6;DUNEDIN 2;x;
3013;129;93;134;DUNEDIN 3;x;
3014;171;96;7;OAMARU;x;
3015;3;99;135;OAMARU 1;x;
3016;45;102;8;OAMARU 2;x;
3017;87;105;136;OAMARU 3;x;
3018;129;108;9;ARROWTON;x;
3019;171;111;137;ARROWTON 1;x;
3020;3;114;10;ARROWTON 2;x;
3021;45;117;138;RUATANIWHA;x;
3022;87;120;11;RUATANIWHA 1;x;
3023;129;123;139;RUATANIWHA 2;x;
3024;171;126;12;TIMARU;x;
3025;3;129;140;TIMARU 1;x;
3026;45;132;13;TIMARU 2;x;
3027;87;135;141;TIMARU 3;x;
3028;129;138;14;ASHBURTON;x;
3029;171;141;142;ASHBURTON 1;x;
3030;3;144;15;ASHBURTON 2;x;
3031;45;147;143;CHRISTCHURCH;x;
3032;87;150;16;CHRISTCHURCH 1;x;
3033;129;153;144;CHRISTCHURCH 2;x;
3034;171;156;17;CHRISTCHURCH 3;x;
3035;3;159;145;CHRISTCHURCH 4;x;
3036;45;162;18;CULVERDEN;x;
3037;87;165;146;CULVERDEN 1;x;
3038;129;168;19;CULVERDEN 2;x;
3039;171;171;147;GREYMOUTH;x;
3040;3;174;20;GREYMOUTH 1;x;
3041;45;177;148;GREYMOUTH 2;x;
3042;87;180;21;WESTPORT;x;
3043;129;183;149;WESTPORT 1;x;
3044;171;186;22;WESTPORT 2;x;
3045;3;189;150;COLLINGWOOD;x;
3046;45;192;23;COLLINGWOOD 1;x;
3047;87;195;151;COLLINGWOOD 2;x;
3048;129;198;24;WHAKATU;x;
3049;171;201;152;WHAKATU 1;x;
3050;3;204;25;WHAKATU 2;x;
3051;45;207;153;KAIKOURA;x;
3052;87;210;26;KAIKOURA 1;x;
3053;129;0;154;KAIKOURA 2;x;
3054;171;3;27;TE WHANGANUI-A-TARA;x;
3055;3;6;155;TE WHANGANUI-A-TARA 1;x;
3056;45;9;28;TE WHANGANUI-A-TARA 2;x;
3057;87;12;156;TE WHANGANUI-A-TARA 3;x;
3058;129;15;29;TE PAPAIOEA;x;
3059;171;18;157;TE PAPAIOEA 1;x;
3060;3;21;30;TE PAPAIOEA 2;x;
3061;45;24;158;HERETAUNGA;x;
3062;87;27;31;HERETAUNGA 1;x;
3063;129;30;159;HERETAUNGA 2;x;
3064;171;33;32;AHURIRI;x;
3065;3;36;160;TE WAIROA;x;
3066;45;39;33;TE WAIROA 1;x;
3067;87;42;161;WHANGANUI;x;
3068;129;45;34;WHANGANUI 1;x;
3069;171;48;162;WHANGANUI 2;x;
3070;3;51;35;NGAMOTU;x;
3071;45;54;163;NGAMOTU 1;x;
3072;87;57;36;NGAMOTU 2;x;
3073;129;60;164;TURANGI;x;
3074;171;63;37;TURANGI 1;x;
3075;3;66;165;TURANGI 2;x;
3076;45;69;38;TURANGA-NUI-A-KIWA;x;
3077;87;72;166;TURANGA-NUI-A-KIWA 1;x;
3078;129;75;39;TURANGA-NUI-A-KIWA 2;x;
3079;171;78;167;TURANGA-NUI-A-KIWA 3;x;
3080;3;81;40;TURANGA-NUI-A-KIWA 4;x;
3081;45;84;168;WHAKATANE;x;
3082;87;87;41;WHAKATANE 1;x;
3083;129;90;169;WHAKATANE 2;x;
3084;171;93;42;TAURANGA-MOANA;x;
3085;3;96;170;TAURANGA-MOANA 1;x;
3086;45;99;43;TAURANGA-MOANA 2;x;
3087;87;102;171;TAURANGA-MOANA 3;x;
3088;129;105;44;OTOROHANGA;x;
3089;171;108;172;OTOROHANGA 1;x;
3090;3;111;45;OTOROHANGA 2;x;
3091;45;114;173;OTOROHANGA 3;x;
3092;87;117;46;KIRIKIRIROA;x;
3093;129;120;174;KIRIKIRIROA 1;x;
3094;171;123;47;KIRIKIRIROA 2;x;
3095;3;126;175;TAMAKI-MAKAU-RAU;x;
3096;45;129;48;TAMAKI-MAKAU-RAU 1;x;
3097;87;132;176;TAMAKI-MAKAU-RAU 2;x;
3098;129;135;49;TAMAKI-MAKAU-RAU 3;x;
3099;171;138;177;WHANGAREI;x;
3100;3;141;50;WHANGAREI 1;x;
3101;45;144;178;WHANGAREI 2;x;
3102;87;147;51;KAIKOHEKOHE;x;
3103;129;150;179;KAIKOHEKOHE 1;x;
3104;171;153;52;KAIKOHEKOHE 2;x;
