title,character number,year,liege,textured emblem,background,bg color 1,bg color 2,bg color 3,icon,icon color 1,icon color 2,icon color 3,government,realm code (ignored),1
e_gippsmania,,2660,,x,x,x,x,x,x,x,x,x,feudal,NONE,2
k_tasmania,150,2660,,x,x,x,x,x,x,x,x,x,feudal,T1,3
d_dorset,150,2660,,x,x,x,x,x,x,x,x,x,feudal,T1,4
c_dorset,150,2660,,x,x,x,x,x,x,x,x,x,feudal,T1,5
c_cornwall,150,2660,,x,x,x,x,x,x,x,x,x,feudal,T1,6
d_tamar,150,2660,,x,x,x,x,x,x,x,x,x,feudal,T1,7
c_launceston,150,2660,,x,x,x,x,x,x,x,x,x,feudal,T1,8
c_glamorgan,150,2660,,x,x,x,x,x,x,x,x,x,feudal,T1,9
c_somerset,150,2660,,x,x,x,x,x,x,x,x,x,feudal,T1,10
c_tamar_valley,150,2660,,x,x,x,x,x,x,x,x,x,feudal,T1,11
c_devon,150,2660,,x,x,x,x,x,x,x,x,x,feudal,T1,12
d_savage,150,2660,,x,x,x,x,x,x,x,x,x,feudal,T1,13
c_smithton,150,2660,,x,x,x,x,x,x,x,x,x,feudal,T1,14
c_russell,150,2660,,x,x,x,x,x,x,x,x,x,feudal,T1,15
c_montagu,150,2660,,x,x,x,x,x,x,x,x,x,feudal,T1,16
d_plateau,150,2660,,x,x,x,x,x,x,x,x,x,feudal,T1,17
c_central__plateau,150,2660,,x,x,x,x,x,x,x,x,x,feudal,T1,18
c_westmoreland,150,2660,,x,x,x,x,x,x,x,x,x,feudal,T1,19
d_tasman_highlands,150,2660,,x,x,x,x,x,x,x,x,x,feudal,T1,20
c_franklin_river,150,2660,,x,x,x,x,x,x,x,x,x,feudal,T1,21
c_montgomery,150,2660,,x,x,x,x,x,x,x,x,x,feudal,T1,22
c_arthur,150,2660,,x,x,x,x,x,x,x,x,x,feudal,T1,23
c_kent,150,2660,,x,x,x,x,x,x,x,x,x,feudal,T1,24
d_derwentia,150,2660,,x,x,x,x,x,x,x,x,x,feudal,T1,25
c_buckingham,150,2660,,x,x,x,x,x,x,x,x,x,feudal,T1,26
c_monmouth,150,2660,,x,x,x,x,x,x,x,x,x,feudal,T1,27
c_pembroke,150,2660,,x,x,x,x,x,x,x,x,x,feudal,T1,28
c_york_plains,150,2660,,x,x,x,x,x,x,x,x,x,feudal,T1,29
c_lagoons,150,2660,,x,x,x,x,x,x,x,x,x,feudal,T1,30
d_king_island,150,2660,,x,x,x,x,x,x,x,x,x,feudal,T1,31
c_king_island,150,2660,,x,x,x,x,x,x,x,x,x,feudal,T1,32
d_furneaux,150,2660,,x,x,x,x,x,x,x,x,x,feudal,T1,33
c_furneaux,150,2660,,x,x,x,x,x,x,x,x,x,feudal,T1,34
k_gippsland,,2660,,x,x,x,x,x,x,x,x,x,feudal,NONE,35
d_melbourne,,2660,,x,x,x,x,x,x,x,x,x,feudal,NONE,36
c_grant,97,2660,,x,x,x,x,x,x,x,x,x,feudal,SE1,37
c_melbourne,108,2660,,x,x,x,x,x,x,x,x,x,feudal,SE2,38
d_yarra_valley,108,2660,,x,x,x,x,x,x,x,x,x,feudal,SE2,39
c_mornington,108,2660,,x,x,x,x,x,x,x,x,x,feudal,SE2,40
c_evelyn,108,2660,,x,x,x,x,x,x,x,x,x,feudal,SE2,41
d_gippsland,132,2660,,x,x,x,x,x,x,x,x,x,feudal,SE7,42
c_lakes_entrance,132,2660,,x,x,x,x,x,x,x,x,x,feudal,SE7,43
c_croajingolong,132,2660,,x,x,x,x,x,x,x,x,x,feudal,SE7,44
d_monash,119,2660,,x,x,x,x,x,x,x,x,x,feudal,SE3,45
c_dargo,119,2660,,x,x,x,x,x,x,x,x,x,feudal,SE3,46
c_tanjil,119,2660,,x,x,x,x,x,x,x,x,x,feudal,SE3,47
c_buln_buln,119,2660,,x,x,x,x,x,x,x,x,x,feudal,SE3,48
k_alps,,2660,,x,x,x,x,x,x,x,x,x,feudal,NONE,49
d_high_country,,2660,,x,x,x,x,x,x,x,x,x,feudal,NONE,50
c_anglesey,119,2660,,x,x,x,x,x,x,x,x,x,feudal,SE3,51
c_delatite,119,2660,,x,x,x,x,x,x,x,x,x,feudal,SE3,52
c_wonnangatta,119,2660,,x,x,x,x,x,x,x,x,x,feudal,SE3,53
d_alps,,2660,,x,x,x,x,x,x,x,x,x,feudal,NONE,54
c_bogong,119,2660,,x,x,x,x,x,x,x,x,x,feudal,SE3,55
c_benambra,131,2660,,x,x,x,x,x,x,x,x,x,feudal,SE6,56
c_jindera,100,2660,,x,x,x,x,x,x,x,x,x,feudal,SE12,57
d_snowy_mountains,,2660,,x,x,x,x,x,x,x,x,x,feudal,NONE,58
c_wallace,132,2660,,x,x,x,x,x,x,x,x,x,feudal,SE7,59
c_beresford,132,2660,,x,x,x,x,x,x,x,x,x,feudal,SE7,60
c_buccleuch,131,2660,,x,x,x,x,x,x,x,x,x,feudal,SE6,61
c_selwyn,131,2660,,x,x,x,x,x,x,x,x,x,feudal,SE6,62
c_wagga_wagga,133,2660,,x,x,x,x,x,x,x,x,x,feudal,SE8,63
d_harendon,100,2660,,x,x,x,x,x,x,x,x,x,feudal,SE12,64
c_harden,100,2660,,x,x,x,x,x,x,x,x,x,feudal,SE12,65
c_clarendon,100,2660,,x,x,x,x,x,x,x,x,x,feudal,SE12,66
k_sydney,,2660,,x,x,x,x,x,x,x,x,x,feudal,NONE,67
d_south_coast,,2660,,x,x,x,x,x,x,x,x,x,feudal,NONE,68
c_merimbula,132,2660,,x,x,x,x,x,x,x,x,x,feudal,SE7,69
c_bombala,132,2660,,x,x,x,x,x,x,x,x,x,feudal,SE7,70
c_narooma,132,2660,,x,x,x,x,x,x,x,x,x,feudal,SE7,71
d_sydney,,2660,,x,x,x,x,x,x,x,x,x,feudal,NONE,72
c_nowra,134,2660,,x,x,x,x,x,x,x,x,x,feudal,SE9,73
c_wollongong,117,2660,,x,x,x,x,x,x,x,x,x,feudal,SE28,74
c_sydney,118,2660,,x,x,x,x,x,x,x,x,x,feudal,SE29,75
c_newcastle,121,2660,,x,x,x,x,x,x,x,x,x,feudal,SE31,76
d_hunter,122,2660,,x,x,x,x,x,x,x,x,x,feudal,SE32,77
c_scone,124,2660,,x,x,x,x,x,x,x,x,x,feudal,SE34,78
c_muswellbrook,122,2660,,x,x,x,x,x,x,x,x,x,feudal,SE32,79
c_forster,122,2660,,x,x,x,x,x,x,x,x,x,feudal,SE32,80
k_blue_mountains,,2660,,x,x,x,x,x,x,x,x,x,feudal,NONE,81
d_capital_territory,131,2660,,x,x,x,x,x,x,x,x,x,feudal,SE6,82
c_cowley,131,2660,,x,x,x,x,x,x,x,x,x,feudal,SE6,83
c_canberra,131,2660,,x,x,x,x,x,x,x,x,x,feudal,SE6,84
d_tablelands,,2660,,x,x,x,x,x,x,x,x,x,feudal,NONE,85
c_murray,131,2660,,x,x,x,x,x,x,x,x,x,feudal,SE6,86
c_goulburn,98,2660,,x,x,x,x,x,x,x,x,x,feudal,SE10,87
c_king,99,2660,,x,x,x,x,x,x,x,x,x,feudal,SE11,88
c_georgiana,99,2660,,x,x,x,x,x,x,x,x,x,feudal,SE11,89
c_bathurst,116,2660,,x,x,x,x,x,x,x,x,x,feudal,SE27,90
d_blue_mountains,120,2660,,x,x,x,x,x,x,x,x,x,feudal,SE30,91
c_oberon,117,2660,,x,x,x,x,x,x,x,x,x,feudal,SE28,92
c_cook,120,2660,,x,x,x,x,x,x,x,x,x,feudal,SE30,93
c_wollemi,120,2660,,x,x,x,x,x,x,x,x,x,feudal,SE30,94
e_promitia,,2660,,x,x,x,x,x,x,x,x,x,feudal,NONE,95
k_wimmera,130,2660,,x,x,x,x,x,x,x,x,x,feudal,SE5,96
d_limestone_coast,130,2660,,x,x,x,x,x,x,x,x,x,feudal,SE5,97
c_follett,130,2660,,x,x,x,x,x,x,x,x,x,feudal,SE5,98
c_normanby,130,2660,,x,x,x,x,x,x,x,x,x,feudal,SE5,99
c_villiers,130,2660,,x,x,x,x,x,x,x,x,x,feudal,SE5,100
c_mount_gambier,130,2660,,x,x,x,x,x,x,x,x,x,feudal,SE5,101
c_naracoorte,130,2660,,x,x,x,x,x,x,x,x,x,feudal,SE5,102
d_apollo,97,2660,,x,x,x,x,x,x,x,x,x,feudal,SE1,103
c_heytesbury,97,2660,,x,x,x,x,x,x,x,x,x,feudal,SE1,104
c_polwarth,97,2660,,x,x,x,x,x,x,x,x,x,feudal,SE1,105
c_grenville,97,2660,,x,x,x,x,x,x,x,x,x,feudal,SE1,106
c_hampden,97,2660,,x,x,x,x,x,x,x,x,x,feudal,SE1,107
d_grampians,130,2660,,x,x,x,x,x,x,x,x,x,feudal,SE5,108
c_ripon,130,2660,,x,x,x,x,x,x,x,x,x,feudal,SE5,109
c_dundas,130,2660,,x,x,x,x,x,x,x,x,x,feudal,SE5,110
c_lowan,130,2660,,x,x,x,x,x,x,x,x,x,feudal,SE5,111
c_borung,130,2660,,x,x,x,x,x,x,x,x,x,feudal,SE5,112
c_bordertown,130,2660,,x,x,x,x,x,x,x,x,x,feudal,SE5,113
d_goldplain,129,2660,,x,x,x,x,x,x,x,x,x,feudal,SE4,114
c_kara_kara,130,2660,,x,x,x,x,x,x,x,x,x,feudal,SE5,115
c_wedderburn,129,2660,,x,x,x,x,x,x,x,x,x,feudal,SE4,116
c_talbot,129,2660,,x,x,x,x,x,x,x,x,x,feudal,SE4,117
c_bendigo,129,2660,,x,x,x,x,x,x,x,x,x,feudal,SE4,118
k_adelaide,,2660,,x,x,x,x,x,x,x,x,x,feudal,NONE,119
d_riverland,104,2660,,x,x,x,x,x,x,x,x,x,feudal,SE16,120
c_weeah,101,2660,,x,x,x,x,x,x,x,x,x,feudal,SE13,121
c_millewa,101,2660,,x,x,x,x,x,x,x,x,x,feudal,SE13,122
c_barmera,104,2660,,x,x,x,x,x,x,x,x,x,feudal,SE16,123
c_waikerie,104,2660,,x,x,x,x,x,x,x,x,x,feudal,SE16,124
c_burra,104,2660,,x,x,x,x,x,x,x,x,x,feudal,SE16,125
d_adelaide,102,2660,,x,x,x,x,x,x,x,x,x,feudal,SE14,126
c_murray_bridge,102,2660,,x,x,x,x,x,x,x,x,x,feudal,SE14,127
c_adelaide,102,2660,,x,x,x,x,x,x,x,x,x,feudal,SE14,128
c_adelaide_plains,102,2660,,x,x,x,x,x,x,x,x,x,feudal,SE14,129
c_ludunda,102,2660,,x,x,x,x,x,x,x,x,x,feudal,SE14,130
d_kangaroo_island,103,2660,,x,x,x,x,x,x,x,x,x,feudal,SE15,131
c_kingscote,103,2660,,x,x,x,x,x,x,x,x,x,feudal,SE15,132
c_rocky,103,2660,,x,x,x,x,x,x,x,x,x,feudal,SE15,133
d_spencer,,2660,,x,x,x,x,x,x,x,x,x,feudal,NONE,134
c_port_pirie,102,2660,,x,x,x,x,x,x,x,x,x,feudal,SE14,135
c_moonta,102,2660,,x,x,x,x,x,x,x,x,x,feudal,SE14,136
c_yorketown,102,2660,,x,x,x,x,x,x,x,x,x,feudal,SE14,137
k_flinders,,2660,,x,x,x,x,x,x,x,x,x,feudal,NONE,138
d_evlyn,,2660,,x,x,x,x,x,x,x,x,x,feudal,NONE,139
c_poole,114,2660,,x,x,x,x,x,x,x,x,x,feudal,SE25,140
c_evlyn,111,2660,,x,x,x,x,x,x,x,x,x,feudal,SE22,141
c_farnell,111,2660,,x,x,x,x,x,x,x,x,x,feudal,SE22,142
c_mootwingee,111,2660,,x,x,x,x,x,x,x,x,x,feudal,SE22,143
c_mulyungarie,109,2660,,x,x,x,x,x,x,x,x,x,feudal,SE20,144
c_callabonna,109,2660,,x,x,x,x,x,x,x,x,x,feudal,SE20,145
d_filnders_ranges,105,2660,,x,x,x,x,x,x,x,x,x,feudal,SE17,146
c_jamestown,105,2660,,x,x,x,x,x,x,x,x,x,feudal,SE17,147
c_peterborough,105,2660,,x,x,x,x,x,x,x,x,x,feudal,SE17,148
c_boolero,105,2660,,x,x,x,x,x,x,x,x,x,feudal,SE17,149
c_quorn,105,2660,,x,x,x,x,x,x,x,x,x,feudal,SE17,150
c_baratta,105,2660,,x,x,x,x,x,x,x,x,x,feudal,SE17,151
d_torrens,106,2660,,x,x,x,x,x,x,x,x,x,feudal,SE18,152
c_leigh_creek,106,2660,,x,x,x,x,x,x,x,x,x,feudal,SE18,153
c_marree,106,2660,,x,x,x,x,x,x,x,x,x,feudal,SE18,154
c_vulkathunha,106,2660,,x,x,x,x,x,x,x,x,x,feudal,SE18,155
d_flinders_ranges,89,2660,,x,x,x,x,x,x,x,x,x,feudal,S2,156
c_port_augusta,89,2660,,x,x,x,x,x,x,x,x,x,feudal,S2,157
d_frome,109,2660,,x,x,x,x,x,x,x,x,x,feudal,SE20,158
c_ikara,109,2660,,x,x,x,x,x,x,x,x,x,feudal,SE20,159
c_yunta,109,2660,,x,x,x,x,x,x,x,x,x,feudal,SE20,160
c_cockburn,110,2660,,x,x,x,x,x,x,x,x,x,feudal,SE21,161
c_parnaroo,104,2660,,x,x,x,x,x,x,x,x,x,feudal,SE16,162
c_danggali,104,2660,,x,x,x,x,x,x,x,x,x,feudal,SE16,163
d_strzelecki,,2660,,x,x,x,x,x,x,x,x,x,feudal,NONE,164
c_bollards_lagoon,107,2660,,x,x,x,x,x,x,x,x,x,feudal,SE19,165
c_strzelecki,107,2660,,x,x,x,x,x,x,x,x,x,feudal,SE19,166
c_tirari_desert,106,2660,,x,x,x,x,x,x,x,x,x,feudal,SE18,167
e_riverina,,2660,,x,x,x,x,x,x,x,x,x,feudal,NONE,168
k_murrayvale,100,2660,,x,x,x,x,x,x,x,x,x,feudal,SE12,169
d_loddon,,2660,,x,x,x,x,x,x,x,x,x,feudal,NONE,170
c_karkarooc,101,2660,,x,x,x,x,x,x,x,x,x,feudal,SE13,171
c_tatchera,100,2660,,x,x,x,x,x,x,x,x,x,feudal,SE12,172
c_gunbower,100,2660,,x,x,x,x,x,x,x,x,x,feudal,SE12,173
d_goulburn,,2660,,x,x,x,x,x,x,x,x,x,feudal,NONE,174
c_rodney,129,2660,,x,x,x,x,x,x,x,x,x,feudal,SE4,175
c_dalhousie,129,2660,,x,x,x,x,x,x,x,x,x,feudal,SE4,176
c_moira,100,2660,,x,x,x,x,x,x,x,x,x,feudal,SE12,177
d_hilltops,115,2660,,x,x,x,x,x,x,x,x,x,feudal,SE26,178
c_forbes,115,2660,,x,x,x,x,x,x,x,x,x,feudal,SE26,179
c_monteagle,115,2660,,x,x,x,x,x,x,x,x,x,feudal,SE26,180
c_bland,100,2660,,x,x,x,x,x,x,x,x,x,feudal,SE12,181
c_gipps,100,2660,,x,x,x,x,x,x,x,x,x,feudal,SE12,182
d_coolamon,100,2660,,x,x,x,x,x,x,x,x,x,feudal,SE12,183
c_dowling,100,2660,,x,x,x,x,x,x,x,x,x,feudal,SE12,184
c_nicholson,100,2660,,x,x,x,x,x,x,x,x,x,feudal,SE12,185
c_sturt,100,2660,,x,x,x,x,x,x,x,x,x,feudal,SE12,186
c_boyd,100,2660,,x,x,x,x,x,x,x,x,x,feudal,SE12,187
c_cooper,100,2660,,x,x,x,x,x,x,x,x,x,feudal,SE12,188
d_the_rock,100,2660,,x,x,x,x,x,x,x,x,x,feudal,SE12,189
c_the_rock,100,2660,,x,x,x,x,x,x,x,x,x,feudal,SE12,190
c_burke,100,2660,,x,x,x,x,x,x,x,x,x,feudal,SE12,191
d_greater_hume,100,2660,,x,x,x,x,x,x,x,x,x,feudal,SE12,192
c_hume,100,2660,,x,x,x,x,x,x,x,x,x,feudal,SE12,193
c_urana,100,2660,,x,x,x,x,x,x,x,x,x,feudal,SE12,194
c_denison,100,2660,,x,x,x,x,x,x,x,x,x,feudal,SE12,195
d_wakool,100,2660,,x,x,x,x,x,x,x,x,x,feudal,SE12,196
c_townsend,100,2660,,x,x,x,x,x,x,x,x,x,feudal,SE12,197
c_cadell,100,2660,,x,x,x,x,x,x,x,x,x,feudal,SE12,198
c_wakool,100,2660,,x,x,x,x,x,x,x,x,x,feudal,SE12,199
k_dubbo,123,2660,,x,x,x,x,x,x,x,x,x,feudal,SE33,200
d_mudgee,,2660,,x,x,x,x,x,x,x,x,x,feudal,NONE,201
c_wellington,123,2660,,x,x,x,x,x,x,x,x,x,feudal,SE33,202
c_roxburgh,116,2660,,x,x,x,x,x,x,x,x,x,feudal,SE27,203
c_gulgong,120,2660,,x,x,x,x,x,x,x,x,x,feudal,SE30,204
c_bligh,123,2660,,x,x,x,x,x,x,x,x,x,feudal,SE33,205
d_tamworth,124,2660,,x,x,x,x,x,x,x,x,x,feudal,SE34,206
c_inglis,124,2660,,x,x,x,x,x,x,x,x,x,feudal,SE34,207
c_tamworth,124,2660,,x,x,x,x,x,x,x,x,x,feudal,SE34,208
c_carroll,124,2660,,x,x,x,x,x,x,x,x,x,feudal,SE34,209
c_pottinger,123,2660,,x,x,x,x,x,x,x,x,x,feudal,SE33,210
d_leichardt,123,2660,,x,x,x,x,x,x,x,x,x,feudal,SE33,211
c_white,123,2660,,x,x,x,x,x,x,x,x,x,feudal,SE33,212
c_napier,123,2660,,x,x,x,x,x,x,x,x,x,feudal,SE33,213
c_gowen,123,2660,,x,x,x,x,x,x,x,x,x,feudal,SE33,214
c_baradine,123,2660,,x,x,x,x,x,x,x,x,x,feudal,SE33,215
c_leichardt,123,2660,,x,x,x,x,x,x,x,x,x,feudal,SE33,216
d_lincoln,123,2660,,x,x,x,x,x,x,x,x,x,feudal,SE33,217
c_dubbo,123,2660,,x,x,x,x,x,x,x,x,x,feudal,SE33,218
c_gordon,123,2660,,x,x,x,x,x,x,x,x,x,feudal,SE33,219
c_ashburnham,115,2660,,x,x,x,x,x,x,x,x,x,feudal,SE26,220
d_ewenmar,,2660,,x,x,x,x,x,x,x,x,x,feudal,NONE,221
c_cunningham,100,2660,,x,x,x,x,x,x,x,x,x,feudal,SE12,222
c_kennedy,115,2660,,x,x,x,x,x,x,x,x,x,feudal,SE26,223
c_narromine,115,2660,,x,x,x,x,x,x,x,x,x,feudal,SE26,224
c_ewenmar,123,2660,,x,x,x,x,x,x,x,x,x,feudal,SE33,225
c_oxley,123,2660,,x,x,x,x,x,x,x,x,x,feudal,SE33,226
k_orana,74,2660,,x,x,x,x,x,x,x,x,x,feudal,Q1,227
d_moonie,74,2660,,x,x,x,x,x,x,x,x,x,feudal,Q1,228
c_benarba,74,2660,,x,x,x,x,x,x,x,x,x,feudal,Q1,229
c_st_george,74,2660,,x,x,x,x,x,x,x,x,x,feudal,Q1,230
c_weengallon,74,2660,,x,x,x,x,x,x,x,x,x,feudal,Q1,231
c_southwood,74,2660,,x,x,x,x,x,x,x,x,x,feudal,Q1,232
d_orana,74,2660,,x,x,x,x,x,x,x,x,x,feudal,Q1,233
c_denham,123,2660,,x,x,x,x,x,x,x,x,x,feudal,SE33,234
c_finch,74,2660,,x,x,x,x,x,x,x,x,x,feudal,Q1,235
c_narran,74,2660,,x,x,x,x,x,x,x,x,x,feudal,Q1,236
d_paroo,74,2660,,x,x,x,x,x,x,x,x,x,feudal,Q1,237
c_south_culgoa,74,2660,,x,x,x,x,x,x,x,x,x,feudal,Q1,238
c_wooroorooka,74,2660,,x,x,x,x,x,x,x,x,x,feudal,Q1,239
c_cunnamulla,74,2660,,x,x,x,x,x,x,x,x,x,feudal,Q1,240
c_culgoa,74,2660,,x,x,x,x,x,x,x,x,x,feudal,Q1,241
d_irrara,74,2660,,x,x,x,x,x,x,x,x,x,feudal,Q1,242
c_gunderbooka,74,2660,,x,x,x,x,x,x,x,x,x,feudal,Q1,243
c_irrara,74,2660,,x,x,x,x,x,x,x,x,x,feudal,Q1,244
c_barrona,74,2660,,x,x,x,x,x,x,x,x,x,feudal,Q1,245
c_thoulcanna,114,2660,,x,x,x,x,x,x,x,x,x,feudal,SE25,246
c_kilcowera,114,2660,,x,x,x,x,x,x,x,x,x,feudal,SE25,247
c_currawinya,114,2660,,x,x,x,x,x,x,x,x,x,feudal,SE25,248
d_dirranbandi,74,2660,,x,x,x,x,x,x,x,x,x,feudal,Q1,249
c_dirranbandi,74,2660,,x,x,x,x,x,x,x,x,x,feudal,Q1,250
c_bollon,74,2660,,x,x,x,x,x,x,x,x,x,feudal,Q1,251
c_linden,74,2660,,x,x,x,x,x,x,x,x,x,feudal,Q1,252
c_begonia,74,2660,,x,x,x,x,x,x,x,x,x,feudal,Q1,253
k_darling,,2660,,x,x,x,x,x,x,x,x,x,feudal,NONE,254
d_killara,112,2660,,x,x,x,x,x,x,x,x,x,feudal,SE23,255
c_yungnulgra,112,2660,,x,x,x,x,x,x,x,x,x,feudal,SE23,256
c_fitzgerald,112,2660,,x,x,x,x,x,x,x,x,x,feudal,SE23,257
c_killara,112,2660,,x,x,x,x,x,x,x,x,x,feudal,SE23,258
d_clyde,,2660,,x,x,x,x,x,x,x,x,x,feudal,NONE,259
c_landsborough,74,2660,,x,x,x,x,x,x,x,x,x,feudal,Q1,260
c_yanda,113,2660,,x,x,x,x,x,x,x,x,x,feudal,SE24,261
c_cowper,113,2660,,x,x,x,x,x,x,x,x,x,feudal,SE24,262
c_clyde,123,2660,,x,x,x,x,x,x,x,x,x,feudal,SE33,263
c_gregory,123,2660,,x,x,x,x,x,x,x,x,x,feudal,SE33,264
c_canbelego,113,2660,,x,x,x,x,x,x,x,x,x,feudal,SE24,265
d_mouramba,113,2660,,x,x,x,x,x,x,x,x,x,feudal,SE24,266
c_flinders,113,2660,,x,x,x,x,x,x,x,x,x,feudal,SE24,267
c_robinson,113,2660,,x,x,x,x,x,x,x,x,x,feudal,SE24,268
c_booroondarra,113,2660,,x,x,x,x,x,x,x,x,x,feudal,SE24,269
c_rankin,113,2660,,x,x,x,x,x,x,x,x,x,feudal,SE24,270
c_woore,113,2660,,x,x,x,x,x,x,x,x,x,feudal,SE24,271
c_mossgiel,100,2660,,x,x,x,x,x,x,x,x,x,feudal,SE12,272
c_blaxland,100,2660,,x,x,x,x,x,x,x,x,x,feudal,SE12,273
c_mouramba,113,2660,,x,x,x,x,x,x,x,x,x,feudal,SE24,274
d_tandora,110,2660,,x,x,x,x,x,x,x,x,x,feudal,SE21,275
c_werunda,113,2660,,x,x,x,x,x,x,x,x,x,feudal,SE24,276
c_young,112,2660,,x,x,x,x,x,x,x,x,x,feudal,SE23,277
c_tandora,110,2660,,x,x,x,x,x,x,x,x,x,feudal,SE21,278
c_yancowinna,110,2660,,x,x,x,x,x,x,x,x,x,feudal,SE21,279
c_menindee,110,2660,,x,x,x,x,x,x,x,x,x,feudal,SE21,280
c_livingstone,113,2660,,x,x,x,x,x,x,x,x,x,feudal,SE24,281
d_carrathool,100,2660,,x,x,x,x,x,x,x,x,x,feudal,SE12,282
c_franklin,100,2660,,x,x,x,x,x,x,x,x,x,feudal,SE12,283
c_waljeers,100,2660,,x,x,x,x,x,x,x,x,x,feudal,SE12,284
c_kilfera,100,2660,,x,x,x,x,x,x,x,x,x,feudal,SE12,285
c_caira,100,2660,,x,x,x,x,x,x,x,x,x,feudal,SE12,286
c_waradgery,100,2660,,x,x,x,x,x,x,x,x,x,feudal,SE12,287
d_wentworth,,2660,,x,x,x,x,x,x,x,x,x,feudal,NONE,288
c_manara,100,2660,,x,x,x,x,x,x,x,x,x,feudal,SE12,289
c_perry,110,2660,,x,x,x,x,x,x,x,x,x,feudal,SE21,290
c_windeyer,110,2660,,x,x,x,x,x,x,x,x,x,feudal,SE21,291
c_tarawi,101,2660,,x,x,x,x,x,x,x,x,x,feudal,SE13,292
c_wentworth,101,2660,,x,x,x,x,x,x,x,x,x,feudal,SE13,293
c_taila,100,2660,,x,x,x,x,x,x,x,x,x,feudal,SE12,294
e_maconia,74,2660,,x,x,x,x,x,x,x,x,x,feudal,Q1,295
k_northcoast,,2660,,x,x,x,x,x,x,x,x,x,feudal,NONE,296
d_portharbour,,2660,,x,x,x,x,x,x,x,x,x,feudal,NONE,297
c_port_macquarie,125,2660,,x,x,x,x,x,x,x,x,x,feudal,SE35,298
c_dudley,125,2660,,x,x,x,x,x,x,x,x,x,feudal,SE35,299
c_nambucca_heads,126,2660,,x,x,x,x,x,x,x,x,x,feudal,SE36,300
c_coffs_harbour,126,2660,,x,x,x,x,x,x,x,x,x,feudal,SE36,301
d_lowlands,74,2660,,x,x,x,x,x,x,x,x,x,feudal,Q1,302
c_clarence,74,2660,,x,x,x,x,x,x,x,x,x,feudal,Q1,303
c_casino,74,2660,,x,x,x,x,x,x,x,x,x,feudal,Q1,304
c_lismore,74,2660,,x,x,x,x,x,x,x,x,x,feudal,Q1,305
k_tablelands,,2660,,x,x,x,x,x,x,x,x,x,feudal,NONE,306
d_binghi,124,2660,,x,x,x,x,x,x,x,x,x,feudal,SE34,307
c_hawes,124,2660,,x,x,x,x,x,x,x,x,x,feudal,SE34,308
c_walcha,124,2660,,x,x,x,x,x,x,x,x,x,feudal,SE34,309
c_armidale,124,2660,,x,x,x,x,x,x,x,x,x,feudal,SE34,310
d_new_england_tablelands,127,2660,,x,x,x,x,x,x,x,x,x,feudal,SE37,311
c_clarke,124,2660,,x,x,x,x,x,x,x,x,x,feudal,SE34,312
c_gresham,126,2660,,x,x,x,x,x,x,x,x,x,feudal,SE36,313
c_tenterfield,127,2660,,x,x,x,x,x,x,x,x,x,feudal,SE37,314
c_glen_innes,127,2660,,x,x,x,x,x,x,x,x,x,feudal,SE37,315
d_new_highlands,74,2660,,x,x,x,x,x,x,x,x,x,feudal,Q1,316
c_drake,74,2660,,x,x,x,x,x,x,x,x,x,feudal,Q1,317
c_buller,74,2660,,x,x,x,x,x,x,x,x,x,feudal,Q1,318
d_nandewar,,2660,,x,x,x,x,x,x,x,x,x,feudal,NONE,319
c_hardinge,124,2660,,x,x,x,x,x,x,x,x,x,feudal,SE34,320
c_darling,124,2660,,x,x,x,x,x,x,x,x,x,feudal,SE34,321
c_nandewar,123,2660,,x,x,x,x,x,x,x,x,x,feudal,SE33,322
c_murchison,124,2660,,x,x,x,x,x,x,x,x,x,feudal,SE34,323
c_jamison,123,2660,,x,x,x,x,x,x,x,x,x,feudal,SE33,324
k_paradise,,2660,,x,x,x,x,x,x,x,x,x,feudal,NONE,325
d_north_west_slopes,128,2660,,x,x,x,x,x,x,x,x,x,feudal,SE38,326
c_arrawatta,127,2660,,x,x,x,x,x,x,x,x,x,feudal,SE37,327
c_burnett,128,2660,,x,x,x,x,x,x,x,x,x,feudal,SE38,328
c_stapylton,128,2660,,x,x,x,x,x,x,x,x,x,feudal,SE38,329
c_courallie,128,2660,,x,x,x,x,x,x,x,x,x,feudal,SE38,330
d_goondiwindi,,2660,,x,x,x,x,x,x,x,x,x,feudal,NONE,331
c_goondiwindi,128,2660,,x,x,x,x,x,x,x,x,x,feudal,SE38,332
c_inglewood,127,2660,,x,x,x,x,x,x,x,x,x,feudal,SE37,333
c_texas,127,2660,,x,x,x,x,x,x,x,x,x,feudal,SE37,334
c_warwick,74,2660,,x,x,x,x,x,x,x,x,x,feudal,Q1,335
c_millmerran,74,2660,,x,x,x,x,x,x,x,x,x,feudal,Q1,336
d_brisbane,74,2660,,x,x,x,x,x,x,x,x,x,feudal,Q1,337
c_boonah,74,2660,,x,x,x,x,x,x,x,x,x,feudal,Q1,338
c_surfers_paradise,74,2660,,x,x,x,x,x,x,x,x,x,feudal,Q1,339
c_brisbane,74,2660,,x,x,x,x,x,x,x,x,x,feudal,Q1,340
c_toowoomba,74,2660,,x,x,x,x,x,x,x,x,x,feudal,Q1,341
c_maroochydore,74,2660,,x,x,x,x,x,x,x,x,x,feudal,Q1,342
d_western_downs,74,2660,,x,x,x,x,x,x,x,x,x,feudal,Q1,343
c_miles,74,2660,,x,x,x,x,x,x,x,x,x,feudal,Q1,344
c_tara,74,2660,,x,x,x,x,x,x,x,x,x,feudal,Q1,345
c_dalby,74,2660,,x,x,x,x,x,x,x,x,x,feudal,Q1,346
c_chinchilla,74,2660,,x,x,x,x,x,x,x,x,x,feudal,Q1,347
d_sunshine,74,2660,,x,x,x,x,x,x,x,x,x,feudal,Q1,348
c_kingaroy,74,2660,,x,x,x,x,x,x,x,x,x,feudal,Q1,349
c_sunshine_coast,74,2660,,x,x,x,x,x,x,x,x,x,feudal,Q1,350
c_maryborough,74,2660,,x,x,x,x,x,x,x,x,x,feudal,Q1,351
c_mundubbera,74,2660,,x,x,x,x,x,x,x,x,x,feudal,Q1,352
k_fitzroy,74,2660,,x,x,x,x,x,x,x,x,x,feudal,Q1,353
d_maranoa,74,2660,,x,x,x,x,x,x,x,x,x,feudal,Q1,354
c_mitchell,74,2660,,x,x,x,x,x,x,x,x,x,feudal,Q1,355
c_roma,74,2660,,x,x,x,x,x,x,x,x,x,feudal,Q1,356
c_surat,74,2660,,x,x,x,x,x,x,x,x,x,feudal,Q1,357
c_forest_vale,74,2660,,x,x,x,x,x,x,x,x,x,feudal,Q1,358
d_banana,74,2660,,x,x,x,x,x,x,x,x,x,feudal,Q1,359
c_taroom,74,2660,,x,x,x,x,x,x,x,x,x,feudal,Q1,360
c_injune,74,2660,,x,x,x,x,x,x,x,x,x,feudal,Q1,361
c_theodore,74,2660,,x,x,x,x,x,x,x,x,x,feudal,Q1,362
d_carnarvon,74,2660,,x,x,x,x,x,x,x,x,x,feudal,Q1,363
c_hillside_forest,74,2660,,x,x,x,x,x,x,x,x,x,feudal,Q1,364
c_oak_vale,74,2660,,x,x,x,x,x,x,x,x,x,feudal,Q1,365
c_expedition,74,2660,,x,x,x,x,x,x,x,x,x,feudal,Q1,366
c_carnarvon,74,2660,,x,x,x,x,x,x,x,x,x,feudal,Q1,367
d_north_burnett,74,2660,,x,x,x,x,x,x,x,x,x,feudal,Q1,368
c_dawson_park,74,2660,,x,x,x,x,x,x,x,x,x,feudal,Q1,369
c_monto,74,2660,,x,x,x,x,x,x,x,x,x,feudal,Q1,370
c_bundaberg,74,2660,,x,x,x,x,x,x,x,x,x,feudal,Q1,371
c_gladstone,74,2660,,x,x,x,x,x,x,x,x,x,feudal,Q1,372
c_biloela,74,2660,,x,x,x,x,x,x,x,x,x,feudal,Q1,373
d_central_highlands,74,2660,,x,x,x,x,x,x,x,x,x,feudal,Q1,374
c_moura,74,2660,,x,x,x,x,x,x,x,x,x,feudal,Q1,375
c_rolleston,74,2660,,x,x,x,x,x,x,x,x,x,feudal,Q1,376
c_mantuan_downs,74,2660,,x,x,x,x,x,x,x,x,x,feudal,Q1,377
c_blackwater,74,2660,,x,x,x,x,x,x,x,x,x,feudal,Q1,378
c_emerald,74,2660,,x,x,x,x,x,x,x,x,x,feudal,Q1,379
d_torilla,74,2660,,x,x,x,x,x,x,x,x,x,feudal,Q1,380
c_rockhampton,74,2660,,x,x,x,x,x,x,x,x,x,feudal,Q1,381
c_yeppoon,74,2660,,x,x,x,x,x,x,x,x,x,feudal,Q1,382
c_middlemount,74,2660,,x,x,x,x,x,x,x,x,x,feudal,Q1,383
e_outback,,2660,,x,x,x,x,x,x,x,x,x,feudal,NONE,384
k_desertina,114,2660,,x,x,x,x,x,x,x,x,x,feudal,SE25,385
d_ularara,114,2660,,x,x,x,x,x,x,x,x,x,feudal,SE25,386
c_ularara,112,2660,,x,x,x,x,x,x,x,x,x,feudal,SE23,387
c_delalah,114,2660,,x,x,x,x,x,x,x,x,x,feudal,SE25,388
c_tongowoko,114,2660,,x,x,x,x,x,x,x,x,x,feudal,SE25,389
c_yantara,112,2660,,x,x,x,x,x,x,x,x,x,feudal,SE23,390
c_bulloo_downs,114,2660,,x,x,x,x,x,x,x,x,x,feudal,SE25,391
d_bulloo_dunefields,114,2660,,x,x,x,x,x,x,x,x,x,feudal,SE25,392
c_great_southern_cross,114,2660,,x,x,x,x,x,x,x,x,x,feudal,SE25,393
c_warri_gate,114,2660,,x,x,x,x,x,x,x,x,x,feudal,SE25,394
c_nockatunga,114,2660,,x,x,x,x,x,x,x,x,x,feudal,SE25,395
c_orientos,114,2660,,x,x,x,x,x,x,x,x,x,feudal,SE25,396
c_cooper_creek,114,2660,,x,x,x,x,x,x,x,x,x,feudal,SE25,397
c_innamincka,107,2660,,x,x,x,x,x,x,x,x,x,feudal,SE19,398
d_yamma_yamma,114,2660,,x,x,x,x,x,x,x,x,x,feudal,SE25,399
c_durham,114,2660,,x,x,x,x,x,x,x,x,x,feudal,SE25,400
c_mount_howitt,114,2660,,x,x,x,x,x,x,x,x,x,feudal,SE25,401
c_quilpie,114,2660,,x,x,x,x,x,x,x,x,x,feudal,SE25,402
c_eromanga,114,2660,,x,x,x,x,x,x,x,x,x,feudal,SE25,403
c_lynwood,114,2660,,x,x,x,x,x,x,x,x,x,feudal,SE25,404
d_munga_thirri,81,2660,,x,x,x,x,x,x,x,x,x,feudal,Q3,405
c_east_simpson_desert,81,2660,,x,x,x,x,x,x,x,x,x,feudal,Q3,406
c_birdsville,81,2660,,x,x,x,x,x,x,x,x,x,feudal,Q3,407
c_bedourie,81,2660,,x,x,x,x,x,x,x,x,x,feudal,Q3,408
c_ethabuka,81,2660,,x,x,x,x,x,x,x,x,x,feudal,Q3,409
d_claypan,114,2660,,x,x,x,x,x,x,x,x,x,feudal,SE25,410
c_durri,114,2660,,x,x,x,x,x,x,x,x,x,feudal,SE25,411
c_mooraberree,114,2660,,x,x,x,x,x,x,x,x,x,feudal,SE25,412
c_breadalbane,81,2660,,x,x,x,x,x,x,x,x,x,feudal,Q3,413
d_barcoo,114,2660,,x,x,x,x,x,x,x,x,x,feudal,SE25,414
c_south_galway,114,2660,,x,x,x,x,x,x,x,x,x,feudal,SE25,415
c_windorah,114,2660,,x,x,x,x,x,x,x,x,x,feudal,SE25,416
c_jundah,114,2660,,x,x,x,x,x,x,x,x,x,feudal,SE25,417
c_palpararah,114,2660,,x,x,x,x,x,x,x,x,x,feudal,SE25,418
c_diamantina,82,2660,,x,x,x,x,x,x,x,x,x,feudal,Q4,419
d_stony_desert,107,2660,,x,x,x,x,x,x,x,x,x,feudal,SE19,420
c_sturt_stony_desert,114,2660,,x,x,x,x,x,x,x,x,x,feudal,SE25,421
c_warburton_crossing,107,2660,,x,x,x,x,x,x,x,x,x,feudal,SE19,422
c_kalamurina,107,2660,,x,x,x,x,x,x,x,x,x,feudal,SE19,423
k_murweh,,2660,,x,x,x,x,x,x,x,x,x,feudal,NONE,424
d_opal,74,2660,,x,x,x,x,x,x,x,x,x,feudal,Q1,425
c_wyandra,74,2660,,x,x,x,x,x,x,x,x,x,feudal,Q1,426
c_eulo,74,2660,,x,x,x,x,x,x,x,x,x,feudal,Q1,427
c_yowah,114,2660,,x,x,x,x,x,x,x,x,x,feudal,SE25,428
c_big_creek,74,2660,,x,x,x,x,x,x,x,x,x,feudal,Q1,429
c_cheepie,114,2660,,x,x,x,x,x,x,x,x,x,feudal,SE25,430
d_thargomindah,114,2660,,x,x,x,x,x,x,x,x,x,feudal,SE25,431
c_thargomindah,114,2660,,x,x,x,x,x,x,x,x,x,feudal,SE25,432
c_mount_margaret,114,2660,,x,x,x,x,x,x,x,x,x,feudal,SE25,433
c_ardoch,114,2660,,x,x,x,x,x,x,x,x,x,feudal,SE25,434
c_toompine,114,2660,,x,x,x,x,x,x,x,x,x,feudal,SE25,435
d_murweh,,2660,,x,x,x,x,x,x,x,x,x,feudal,NONE,436
c_boatman,74,2660,,x,x,x,x,x,x,x,x,x,feudal,Q1,437
c_morven,74,2660,,x,x,x,x,x,x,x,x,x,feudal,Q1,438
c_charleville,80,2660,,x,x,x,x,x,x,x,x,x,feudal,Q2,439
c_augathella,80,2660,,x,x,x,x,x,x,x,x,x,feudal,Q2,440
d_hell,,2660,,x,x,x,x,x,x,x,x,x,feudal,NONE,441
c_hell_hole_gorge,114,2660,,x,x,x,x,x,x,x,x,x,feudal,SE25,442
c_adavale,114,2660,,x,x,x,x,x,x,x,x,x,feudal,SE25,443
c_scrubby_creek,80,2660,,x,x,x,x,x,x,x,x,x,feudal,Q2,444
c_idalia,80,2660,,x,x,x,x,x,x,x,x,x,feudal,Q2,445
k_barcaldine,,2660,,x,x,x,x,x,x,x,x,x,feudal,NONE,446
d_blackall_tambo,80,2660,,x,x,x,x,x,x,x,x,x,feudal,Q2,447
c_tambo,80,2660,,x,x,x,x,x,x,x,x,x,feudal,Q2,448
c_isisford,80,2660,,x,x,x,x,x,x,x,x,x,feudal,Q2,449
c_blackall,80,2660,,x,x,x,x,x,x,x,x,x,feudal,Q2,450
c_sedgeford,74,2660,,x,x,x,x,x,x,x,x,x,feudal,Q1,451
d_welford,,2660,,x,x,x,x,x,x,x,x,x,feudal,NONE,452
c_welford,114,2660,,x,x,x,x,x,x,x,x,x,feudal,SE25,453
c_stonehenge,83,2660,,x,x,x,x,x,x,x,x,x,feudal,Q5,454
c_lochern,83,2660,,x,x,x,x,x,x,x,x,x,feudal,Q5,455
c_fermoy,86,2660,,x,x,x,x,x,x,x,x,x,feudal,Q8,456
d_barcaldine,74,2660,,x,x,x,x,x,x,x,x,x,feudal,Q1,457
c_jericho,74,2660,,x,x,x,x,x,x,x,x,x,feudal,Q1,458
c_barcaldine,74,2660,,x,x,x,x,x,x,x,x,x,feudal,Q1,459
c_aramac,74,2660,,x,x,x,x,x,x,x,x,x,feudal,Q1,460
d_dryland,83,2660,,x,x,x,x,x,x,x,x,x,feudal,Q5,461
c_longreach,83,2660,,x,x,x,x,x,x,x,x,x,feudal,Q5,462
c_clanagh,83,2660,,x,x,x,x,x,x,x,x,x,feudal,Q5,463
c_muttaburra,83,2660,,x,x,x,x,x,x,x,x,x,feudal,Q5,464
c_caledonia,83,2660,,x,x,x,x,x,x,x,x,x,feudal,Q5,465
c_kensington,83,2660,,x,x,x,x,x,x,x,x,x,feudal,Q5,466
d_galilee,,2660,,x,x,x,x,x,x,x,x,x,feudal,NONE,467
c_laglan,74,2660,,x,x,x,x,x,x,x,x,x,feudal,Q1,468
c_galilee,83,2660,,x,x,x,x,x,x,x,x,x,feudal,Q5,469
c_buchanan,83,2660,,x,x,x,x,x,x,x,x,x,feudal,Q5,470
c_doongmabulla,74,2660,,x,x,x,x,x,x,x,x,x,feudal,Q1,471
k_barkly,,2660,,x,x,x,x,x,x,x,x,x,feudal,NONE,472
d_boulia,82,2660,,x,x,x,x,x,x,x,x,x,feudal,Q4,473
c_cravens_peak,81,2660,,x,x,x,x,x,x,x,x,x,feudal,Q3,474
c_canary,82,2660,,x,x,x,x,x,x,x,x,x,feudal,Q4,475
c_lucknow,82,2660,,x,x,x,x,x,x,x,x,x,feudal,Q4,476
c_boulia,82,2660,,x,x,x,x,x,x,x,x,x,feudal,Q4,477
d_middletonia,86,2660,,x,x,x,x,x,x,x,x,x,feudal,Q8,478
c_goneaway,86,2660,,x,x,x,x,x,x,x,x,x,feudal,Q8,479
c_cork,86,2660,,x,x,x,x,x,x,x,x,x,feudal,Q8,480
c_verdun_valley,86,2660,,x,x,x,x,x,x,x,x,x,feudal,Q8,481
c_middleton,86,2660,,x,x,x,x,x,x,x,x,x,feudal,Q8,482
c_kalkadooh,86,2660,,x,x,x,x,x,x,x,x,x,feudal,Q8,483
d_barkly_tableland,3,2660,,x,x,x,x,x,x,x,x,x,feudal,C11,484
c_tobermorey,82,2660,,x,x,x,x,x,x,x,x,x,feudal,Q4,485
c_linda_downs,82,2660,,x,x,x,x,x,x,x,x,x,feudal,Q4,486
c_urandangi,3,2660,,x,x,x,x,x,x,x,x,x,feudal,C11,487
c_barkly,3,2660,,x,x,x,x,x,x,x,x,x,feudal,C11,488
c_duchess,82,2660,,x,x,x,x,x,x,x,x,x,feudal,Q4,489
c_alpurrurulam,3,2660,,x,x,x,x,x,x,x,x,x,feudal,C11,490
d_minelands,,2660,,x,x,x,x,x,x,x,x,x,feudal,NONE,491
c_aiderley,82,2660,,x,x,x,x,x,x,x,x,x,feudal,Q4,492
c_monument,82,2660,,x,x,x,x,x,x,x,x,x,feudal,Q4,493
c_brackenburgh,82,2660,,x,x,x,x,x,x,x,x,x,feudal,Q4,494
d_andegerebenha,2,2660,,x,x,x,x,x,x,x,x,x,feudal,C10,495
c_bularnu,3,2660,,x,x,x,x,x,x,x,x,x,feudal,C11,496
c_alewatyerre,2,2660,,x,x,x,x,x,x,x,x,x,feudal,C10,497
c_aywerte,2,2660,,x,x,x,x,x,x,x,x,x,feudal,C10,498
c_yerrampe,2,2660,,x,x,x,x,x,x,x,x,x,feudal,C10,499
k_isa,86,2660,,x,x,x,x,x,x,x,x,x,feudal,Q8,500
d_clonlay,86,2660,,x,x,x,x,x,x,x,x,x,feudal,Q8,501
c_answer,86,2660,,x,x,x,x,x,x,x,x,x,feudal,Q8,502
c_mckinlay,86,2660,,x,x,x,x,x,x,x,x,x,feudal,Q8,503
c_cloncurry,86,2660,,x,x,x,x,x,x,x,x,x,feudal,Q8,504
d_julia_creek,87,2660,,x,x,x,x,x,x,x,x,x,feudal,Q9,505
c_tarbrax,75,2660,,x,x,x,x,x,x,x,x,x,feudal,Q10,506
c_sedan_dip,86,2660,,x,x,x,x,x,x,x,x,x,feudal,Q8,507
c_bunda_bunda,85,2660,,x,x,x,x,x,x,x,x,x,feudal,Q7,508
c_julia_creek,86,2660,,x,x,x,x,x,x,x,x,x,feudal,Q8,509
c_maxwellon,85,2660,,x,x,x,x,x,x,x,x,x,feudal,Q7,510
d_overlanders,,2660,,x,x,x,x,x,x,x,x,x,feudal,NONE,511
c_wooroona,7,2660,,x,x,x,x,x,x,x,x,x,feudal,C15,512
c_mount_isa,82,2660,,x,x,x,x,x,x,x,x,x,feudal,Q4,513
c_three_rivers,86,2660,,x,x,x,x,x,x,x,x,x,feudal,Q8,514
c_camooweal,7,2660,,x,x,x,x,x,x,x,x,x,feudal,C15,515
k_downlands,85,2660,,x,x,x,x,x,x,x,x,x,feudal,Q7,516
d_winton,86,2660,,x,x,x,x,x,x,x,x,x,feudal,Q8,517
c_winton,86,2660,,x,x,x,x,x,x,x,x,x,feudal,Q8,518
c_tangorin,86,2660,,x,x,x,x,x,x,x,x,x,feudal,Q8,519
c_corfield,86,2660,,x,x,x,x,x,x,x,x,x,feudal,Q8,520
c_werna,86,2660,,x,x,x,x,x,x,x,x,x,feudal,Q8,521
d_dutton,85,2660,,x,x,x,x,x,x,x,x,x,feudal,Q7,522
c_richmond,85,2660,,x,x,x,x,x,x,x,x,x,feudal,Q7,523
c_dutton_river,85,2660,,x,x,x,x,x,x,x,x,x,feudal,Q7,524
c_mount_norman,85,2660,,x,x,x,x,x,x,x,x,x,feudal,Q7,525
d_dinosauria,85,2660,,x,x,x,x,x,x,x,x,x,feudal,Q7,526
c_exmoor,85,2660,,x,x,x,x,x,x,x,x,x,feudal,Q7,527
c_katandra,85,2660,,x,x,x,x,x,x,x,x,x,feudal,Q7,528
c_bannockburn,85,2660,,x,x,x,x,x,x,x,x,x,feudal,Q7,529
c_moorrinya,85,2660,,x,x,x,x,x,x,x,x,x,feudal,Q7,530
c_hughenden,85,2660,,x,x,x,x,x,x,x,x,x,feudal,Q7,531
d_blackbraes,85,2660,,x,x,x,x,x,x,x,x,x,feudal,Q7,532
c_mount_sturgeon,85,2660,,x,x,x,x,x,x,x,x,x,feudal,Q7,533
c_blackbraes,85,2660,,x,x,x,x,x,x,x,x,x,feudal,Q7,534
c_gregory_springs,85,2660,,x,x,x,x,x,x,x,x,x,feudal,Q7,535
d_gemfields,85,2660,,x,x,x,x,x,x,x,x,x,feudal,Q7,536
c_strathpark,85,2660,,x,x,x,x,x,x,x,x,x,feudal,Q7,537
c_woodstock,85,2660,,x,x,x,x,x,x,x,x,x,feudal,Q7,538
c_frog_creek,85,2660,,x,x,x,x,x,x,x,x,x,feudal,Q7,539
c_iona,85,2660,,x,x,x,x,x,x,x,x,x,feudal,Q7,540
e_bightlandia,,2660,,x,x,x,x,x,x,x,x,x,feudal,NONE,541
k_eyre,,2660,,x,x,x,x,x,x,x,x,x,feudal,NONE,542
d_eyre_peninsula,88,2660,,x,x,x,x,x,x,x,x,x,feudal,S1,543
c_whyalla,88,2660,,x,x,x,x,x,x,x,x,x,feudal,S1,544
c_cleve,88,2660,,x,x,x,x,x,x,x,x,x,feudal,S1,545
c_tumby_bay,88,2660,,x,x,x,x,x,x,x,x,x,feudal,S1,546
c_port_lincoln,88,2660,,x,x,x,x,x,x,x,x,x,feudal,S1,547
d_gawler,90,2660,,x,x,x,x,x,x,x,x,x,feudal,S3,548
c_elliston,90,2660,,x,x,x,x,x,x,x,x,x,feudal,S3,549
c_streaky_bay,90,2660,,x,x,x,x,x,x,x,x,x,feudal,S3,550
c_wirrulla,90,2660,,x,x,x,x,x,x,x,x,x,feudal,S3,551
c_buckleboo,90,2660,,x,x,x,x,x,x,x,x,x,feudal,S3,552
c_gairdner,90,2660,,x,x,x,x,x,x,x,x,x,feudal,S3,553
d_ceduna,92,2660,,x,x,x,x,x,x,x,x,x,feudal,S5,554
c_ceduna,92,2660,,x,x,x,x,x,x,x,x,x,feudal,S5,555
c_port_le_hunt,92,2660,,x,x,x,x,x,x,x,x,x,feudal,S5,556
c_fowlers_bay,92,2660,,x,x,x,x,x,x,x,x,x,feudal,S5,557
c_tarcoola,91,2660,,x,x,x,x,x,x,x,x,x,feudal,S4,558
c_east_yellabinna,91,2660,,x,x,x,x,x,x,x,x,x,feudal,S4,559
k_nullarbor,95,2660,,x,x,x,x,x,x,x,x,x,feudal,S8,560
d_bights_end,95,2660,,x,x,x,x,x,x,x,x,x,feudal,S8,561
c_matheus,95,2660,,x,x,x,x,x,x,x,x,x,feudal,S8,562
c_pondama,95,2660,,x,x,x,x,x,x,x,x,x,feudal,S8,563
c_woorlba,95,2660,,x,x,x,x,x,x,x,x,x,feudal,S8,564
c_nuytsland,95,2660,,x,x,x,x,x,x,x,x,x,feudal,S8,565
d_lime,,2660,,x,x,x,x,x,x,x,x,x,feudal,NONE,566
c_carston,137,2660,,x,x,x,x,x,x,x,x,x,feudal,SW11,567
c_rawlinna,96,2660,,x,x,x,x,x,x,x,x,x,feudal,S9,568
c_dortmund,96,2660,,x,x,x,x,x,x,x,x,x,feudal,S9,569
c_plumridge,96,2660,,x,x,x,x,x,x,x,x,x,feudal,S9,570
c_premier,96,2660,,x,x,x,x,x,x,x,x,x,feudal,S9,571
d_nullarbor_plain,96,2660,,x,x,x,x,x,x,x,x,x,feudal,S9,572
c_tysonia,96,2660,,x,x,x,x,x,x,x,x,x,feudal,S9,573
c_sleeper_camp,96,2660,,x,x,x,x,x,x,x,x,x,feudal,S9,574
c_south_victoria_desert,96,2660,,x,x,x,x,x,x,x,x,x,feudal,S9,575
c_huron,95,2660,,x,x,x,x,x,x,x,x,x,feudal,S8,576
d_praeceps,,2660,,x,x,x,x,x,x,x,x,x,feudal,NONE,577
c_marvin,93,2660,,x,x,x,x,x,x,x,x,x,feudal,S6,578
c_eucla,95,2660,,x,x,x,x,x,x,x,x,x,feudal,S8,579
c_cook_station,93,2660,,x,x,x,x,x,x,x,x,x,feudal,S6,580
c_west_yellabinna,93,2660,,x,x,x,x,x,x,x,x,x,feudal,S6,581
c_nullarbor_cliffs,95,2660,,x,x,x,x,x,x,x,x,x,feudal,S8,582
d_south_roe,95,2660,,x,x,x,x,x,x,x,x,x,feudal,S8,583
c_cocklebiddy,95,2660,,x,x,x,x,x,x,x,x,x,feudal,S8,584
c_kybo,95,2660,,x,x,x,x,x,x,x,x,x,feudal,S8,585
c_madura,95,2660,,x,x,x,x,x,x,x,x,x,feudal,S8,586
c_mundrabilla,95,2660,,x,x,x,x,x,x,x,x,x,feudal,S8,587
k_salina,,2660,,x,x,x,x,x,x,x,x,x,feudal,NONE,588
d_saltpan,91,2660,,x,x,x,x,x,x,x,x,x,feudal,S4,589
c_woomera,91,2660,,x,x,x,x,x,x,x,x,x,feudal,S4,590
c_glendambo,91,2660,,x,x,x,x,x,x,x,x,x,feudal,S4,591
c_gina,91,2660,,x,x,x,x,x,x,x,x,x,feudal,S4,592
c_mount_eba,91,2660,,x,x,x,x,x,x,x,x,x,feudal,S4,593
c_old_peake,91,2660,,x,x,x,x,x,x,x,x,x,feudal,S4,594
d_maralinga,94,2660,,x,x,x,x,x,x,x,x,x,feudal,S7,595
c_maralinga,93,2660,,x,x,x,x,x,x,x,x,x,feudal,S6,596
c_maurice,94,2660,,x,x,x,x,x,x,x,x,x,feudal,S7,597
c_mamungari,94,2660,,x,x,x,x,x,x,x,x,x,feudal,S7,598
c_emu_junction,94,2660,,x,x,x,x,x,x,x,x,x,feudal,S7,599
c_tallaringa,91,2660,,x,x,x,x,x,x,x,x,x,feudal,S4,600
d_ephemeral_rivers,1,2660,,x,x,x,x,x,x,x,x,x,feudal,C1,601
c_cadney,91,2660,,x,x,x,x,x,x,x,x,x,feudal,S4,602
c_coober_pedy,91,2660,,x,x,x,x,x,x,x,x,x,feudal,S4,603
c_oodnadatta,1,2660,,x,x,x,x,x,x,x,x,x,feudal,C1,604
c_pedirka,1,2660,,x,x,x,x,x,x,x,x,x,feudal,C1,605
c_witjira,1,2660,,x,x,x,x,x,x,x,x,x,feudal,C1,606
e_reef,,2660,,x,x,x,x,x,x,x,x,x,feudal,NONE,607
k_york,,2660,,x,x,x,x,x,x,x,x,x,feudal,NONE,608
d_yorktip,77,2660,,x,x,x,x,x,x,x,x,x,feudal,Q12,609
c_torres_strait,77,2660,,x,x,x,x,x,x,x,x,x,feudal,Q12,610
c_shelburne,77,2660,,x,x,x,x,x,x,x,x,x,feudal,Q12,611
c_mapoon,77,2660,,x,x,x,x,x,x,x,x,x,feudal,Q12,612
d_wik,,2660,,x,x,x,x,x,x,x,x,x,feudal,NONE,613
c_drumduff,87,2660,,x,x,x,x,x,x,x,x,x,feudal,Q9,614
c_kowanyama,87,2660,,x,x,x,x,x,x,x,x,x,feudal,Q9,615
c_pormpuraaw,76,2660,,x,x,x,x,x,x,x,x,x,feudal,Q11,616
d_mungkan_kandju,75,2660,,x,x,x,x,x,x,x,x,x,feudal,Q10,617
c_archer_river,75,2660,,x,x,x,x,x,x,x,x,x,feudal,Q10,618
c_aurukun,76,2660,,x,x,x,x,x,x,x,x,x,feudal,Q11,619
c_lockhart_river,75,2660,,x,x,x,x,x,x,x,x,x,feudal,Q10,620
c_weipa,76,2660,,x,x,x,x,x,x,x,x,x,feudal,Q11,621
k_tropicania,,2660,,x,x,x,x,x,x,x,x,x,feudal,NONE,622
d_clermont,74,2660,,x,x,x,x,x,x,x,x,x,feudal,Q1,623
c_alpha,74,2660,,x,x,x,x,x,x,x,x,x,feudal,Q1,624
c_surbiton,74,2660,,x,x,x,x,x,x,x,x,x,feudal,Q1,625
c_clermont,74,2660,,x,x,x,x,x,x,x,x,x,feudal,Q1,626
d_mackay,74,2660,,x,x,x,x,x,x,x,x,x,feudal,Q1,627
c_carmila,74,2660,,x,x,x,x,x,x,x,x,x,feudal,Q1,628
c_dysart,74,2660,,x,x,x,x,x,x,x,x,x,feudal,Q1,629
c_moranbah,74,2660,,x,x,x,x,x,x,x,x,x,feudal,Q1,630
c_mackay,74,2660,,x,x,x,x,x,x,x,x,x,feudal,Q1,631
c_glenden,84,2660,,x,x,x,x,x,x,x,x,x,feudal,Q6,632
d_belyando,74,2660,,x,x,x,x,x,x,x,x,x,feudal,Q1,633
c_mount_coolon,74,2660,,x,x,x,x,x,x,x,x,x,feudal,Q1,634
c_willandspey,74,2660,,x,x,x,x,x,x,x,x,x,feudal,Q1,635
c_natal_downs,83,2660,,x,x,x,x,x,x,x,x,x,feudal,Q5,636
d_charters,85,2660,,x,x,x,x,x,x,x,x,x,feudal,Q7,637
c_corea_plains,85,2660,,x,x,x,x,x,x,x,x,x,feudal,Q7,638
c_charters_towers,85,2660,,x,x,x,x,x,x,x,x,x,feudal,Q7,639
c_pentland,85,2660,,x,x,x,x,x,x,x,x,x,feudal,Q7,640
c_basalt,87,2660,,x,x,x,x,x,x,x,x,x,feudal,Q9,641
d_brigalow,84,2660,,x,x,x,x,x,x,x,x,x,feudal,Q6,642
c_dalrymple,84,2660,,x,x,x,x,x,x,x,x,x,feudal,Q6,643
c_newlands,84,2660,,x,x,x,x,x,x,x,x,x,feudal,Q6,644
c_bowen,84,2660,,x,x,x,x,x,x,x,x,x,feudal,Q6,645
c_collinsville,84,2660,,x,x,x,x,x,x,x,x,x,feudal,Q6,646
c_ayr,84,2660,,x,x,x,x,x,x,x,x,x,feudal,Q6,647
d_paluma,87,2660,,x,x,x,x,x,x,x,x,x,feudal,Q9,648
c_townsville,87,2660,,x,x,x,x,x,x,x,x,x,feudal,Q9,649
c_greenvale,87,2660,,x,x,x,x,x,x,x,x,x,feudal,Q9,650
c_ingham,87,2660,,x,x,x,x,x,x,x,x,x,feudal,Q9,651
c_cardwell,87,2660,,x,x,x,x,x,x,x,x,x,feudal,Q9,652
k_kaenz,87,2660,,x,x,x,x,x,x,x,x,x,feudal,Q9,653
d_einaslynd,87,2660,,x,x,x,x,x,x,x,x,x,feudal,Q9,654
c_undara,87,2660,,x,x,x,x,x,x,x,x,x,feudal,Q9,655
c_georgetown,85,2660,,x,x,x,x,x,x,x,x,x,feudal,Q7,656
c_bolwarra,87,2660,,x,x,x,x,x,x,x,x,x,feudal,Q9,657
d_cairnlands,87,2660,,x,x,x,x,x,x,x,x,x,feudal,Q9,658
c_innisfail,87,2660,,x,x,x,x,x,x,x,x,x,feudal,Q9,659
c_cairns,87,2660,,x,x,x,x,x,x,x,x,x,feudal,Q9,660
c_atherton,87,2660,,x,x,x,x,x,x,x,x,x,feudal,Q9,661
c_mareeba,87,2660,,x,x,x,x,x,x,x,x,x,feudal,Q9,662
d_palmeronia,87,2660,,x,x,x,x,x,x,x,x,x,feudal,Q9,663
c_hurricane,87,2660,,x,x,x,x,x,x,x,x,x,feudal,Q9,664
c_port_douglas,87,2660,,x,x,x,x,x,x,x,x,x,feudal,Q9,665
c_palmer,87,2660,,x,x,x,x,x,x,x,x,x,feudal,Q9,666
c_killarney,87,2660,,x,x,x,x,x,x,x,x,x,feudal,Q9,667
d_reeflands,87,2660,,x,x,x,x,x,x,x,x,x,feudal,Q9,668
c_dixie,87,2660,,x,x,x,x,x,x,x,x,x,feudal,Q9,669
c_lakefield,87,2660,,x,x,x,x,x,x,x,x,x,feudal,Q9,670
c_cape_melville,87,2660,,x,x,x,x,x,x,x,x,x,feudal,Q9,671
c_cooktown,87,2660,,x,x,x,x,x,x,x,x,x,feudal,Q9,672
c_coen,75,2660,,x,x,x,x,x,x,x,x,x,feudal,Q10,673
e_terra_nullius,151,2660,,x,x,x,x,x,x,x,x,x,feudal,XX,674
k_terra_nullius,151,2660,,x,x,x,x,x,x,x,x,x,feudal,XX,675
d_terra_nullius,151,2660,,x,x,x,x,x,x,x,x,x,feudal,XX,676
c_terra_nullius,151,2660,,x,x,x,x,x,x,x,x,x,feudal,XX,677
e_pama-nyungan,,2660,,x,x,x,x,x,x,x,x,x,feudal,NONE,678
k_savannah,,2660,,x,x,x,x,x,x,x,x,x,feudal,NONE,679
d_norman_plains,85,2660,,x,x,x,x,x,x,x,x,x,feudal,Q7,680
c_savannah,85,2660,,x,x,x,x,x,x,x,x,x,feudal,Q7,681
c_vena_park,85,2660,,x,x,x,x,x,x,x,x,x,feudal,Q7,682
c_normanton,78,2660,,x,x,x,x,x,x,x,x,x,feudal,Q13,683
c_croydon,85,2660,,x,x,x,x,x,x,x,x,x,feudal,Q7,684
d_armraynald,,2660,,x,x,x,x,x,x,x,x,x,feudal,NONE,685
c_burke_and_wills,86,2660,,x,x,x,x,x,x,x,x,x,feudal,Q8,686
c_granada,86,2660,,x,x,x,x,x,x,x,x,x,feudal,Q8,687
c_gregory_downs,79,2660,,x,x,x,x,x,x,x,x,x,feudal,Q14,688
c_bang_bang,79,2660,,x,x,x,x,x,x,x,x,x,feudal,Q14,689
d_lawn_hill,,2660,,x,x,x,x,x,x,x,x,x,feudal,NONE,690
c_gunpowder,86,2660,,x,x,x,x,x,x,x,x,x,feudal,Q8,691
c_old_herbert_vale,8,2660,,x,x,x,x,x,x,x,x,x,feudal,C16,692
c_boodjamulla,9,2660,,x,x,x,x,x,x,x,x,x,feudal,C17,693
c_carrara,8,2660,,x,x,x,x,x,x,x,x,x,feudal,C16,694
d_doomadgee,9,2660,,x,x,x,x,x,x,x,x,x,feudal,C17,695
c_corinda_ruins,9,2660,,x,x,x,x,x,x,x,x,x,feudal,C17,696
c_punjaub,9,2660,,x,x,x,x,x,x,x,x,x,feudal,C17,697
c_gangalidda,9,2660,,x,x,x,x,x,x,x,x,x,feudal,C17,698
c_garawa,9,2660,,x,x,x,x,x,x,x,x,x,feudal,C17,699
c_echo_gorge,9,2660,,x,x,x,x,x,x,x,x,x,feudal,C17,700
d_gulf_savannah,,2660,,x,x,x,x,x,x,x,x,x,feudal,NONE,701
c_burketown,9,2660,,x,x,x,x,x,x,x,x,x,feudal,C17,702
c_karumba,79,2660,,x,x,x,x,x,x,x,x,x,feudal,Q14,703
c_yangoo,78,2660,,x,x,x,x,x,x,x,x,x,feudal,Q13,704
d_kunjen,78,2660,,x,x,x,x,x,x,x,x,x,feudal,Q13,705
c_red_river,78,2660,,x,x,x,x,x,x,x,x,x,feudal,Q13,706
c_vanrook,78,2660,,x,x,x,x,x,x,x,x,x,feudal,Q13,707
c_dunbar,78,2660,,x,x,x,x,x,x,x,x,x,feudal,Q13,708
c_staaten_river,87,2660,,x,x,x,x,x,x,x,x,x,feudal,Q9,709
c_blackdown,87,2660,,x,x,x,x,x,x,x,x,x,feudal,Q9,710
k_yanyuwa,8,2660,,x,x,x,x,x,x,x,x,x,feudal,C16,711
d_binbinga_garawa,13,2660,,x,x,x,x,x,x,x,x,x,feudal,C20,712
c_yanyuwa,13,2660,,x,x,x,x,x,x,x,x,x,feudal,C20,713
c_coxco_valley,13,2660,,x,x,x,x,x,x,x,x,x,feudal,C20,714
c_mungoobada,13,2660,,x,x,x,x,x,x,x,x,x,feudal,C20,715
d_gunindiri_waanyi,8,2660,,x,x,x,x,x,x,x,x,x,feudal,C16,716
c_cresswell_downs,8,2660,,x,x,x,x,x,x,x,x,x,feudal,C16,717
c_ganalaga_mindibirrina,9,2660,,x,x,x,x,x,x,x,x,x,feudal,C17,718
c_connells_lagoon,8,2660,,x,x,x,x,x,x,x,x,x,feudal,C16,719
d_wambaya,8,2660,,x,x,x,x,x,x,x,x,x,feudal,C16,720
c_calvert,8,2660,,x,x,x,x,x,x,x,x,x,feudal,C16,721
c_wambaya,8,2660,,x,x,x,x,x,x,x,x,x,feudal,C16,722
c_mittiebah,8,2660,,x,x,x,x,x,x,x,x,x,feudal,C16,723
c_gulunguru,8,2660,,x,x,x,x,x,x,x,x,x,feudal,C16,724
d_warumungu,5,2660,,x,x,x,x,x,x,x,x,x,feudal,C13,725
c_wogyala,8,2660,,x,x,x,x,x,x,x,x,x,feudal,C16,726
c_tennant_creek,5,2660,,x,x,x,x,x,x,x,x,x,feudal,C13,727
c_yungkiwi,8,2660,,x,x,x,x,x,x,x,x,x,feudal,C16,728
c_warumungu,5,2660,,x,x,x,x,x,x,x,x,x,feudal,C13,729
c_karlantijpa_south,5,2660,,x,x,x,x,x,x,x,x,x,feudal,C13,730
d_kaytej,,2660,,x,x,x,x,x,x,x,x,x,feudal,NONE,731
c_warrabri,5,2660,,x,x,x,x,x,x,x,x,x,feudal,C13,732
c_iytwelepenty,4,2660,,x,x,x,x,x,x,x,x,x,feudal,C12,733
d_wakaya,7,2660,,x,x,x,x,x,x,x,x,x,feudal,C15,734
c_wakaya,4,2660,,x,x,x,x,x,x,x,x,x,feudal,C12,735
c_wunara,7,2660,,x,x,x,x,x,x,x,x,x,feudal,C15,736
c_bluebush_swamp,7,2660,,x,x,x,x,x,x,x,x,x,feudal,C15,737
c_boolanboo_corner,7,2660,,x,x,x,x,x,x,x,x,x,feudal,C15,738
k_tanami,,2660,,x,x,x,x,x,x,x,x,x,feudal,NONE,739
d_warlmanpa,10,2660,,x,x,x,x,x,x,x,x,x,feudal,C18,740
c_kijakija,10,2660,,x,x,x,x,x,x,x,x,x,feudal,C18,741
c_karlantijpa_north,10,2660,,x,x,x,x,x,x,x,x,x,feudal,C18,742
c_mirirriyungu,10,2660,,x,x,x,x,x,x,x,x,x,feudal,C18,743
d_gurindji,,2660,,x,x,x,x,x,x,x,x,x,feudal,NONE,744
c_malngin,59,2660,,x,x,x,x,x,x,x,x,x,feudal,K7,745
c_hooker_creek,59,2660,,x,x,x,x,x,x,x,x,x,feudal,K7,746
c_lajamanu,10,2660,,x,x,x,x,x,x,x,x,x,feudal,C18,747
c_pinja,10,2660,,x,x,x,x,x,x,x,x,x,feudal,C18,748
d_kija,,2660,,x,x,x,x,x,x,x,x,x,feudal,NONE,749
c_yingualyalya,59,2660,,x,x,x,x,x,x,x,x,x,feudal,K7,750
c_marella_gorge,59,2660,,x,x,x,x,x,x,x,x,x,feudal,K7,751
c_sturt_creek,59,2660,,x,x,x,x,x,x,x,x,x,feudal,K7,752
c_kundat_djaru,59,2660,,x,x,x,x,x,x,x,x,x,feudal,K7,753
d_tanami_pass,6,2660,,x,x,x,x,x,x,x,x,x,feudal,C14,754
c_purta,6,2660,,x,x,x,x,x,x,x,x,x,feudal,C14,755
c_bluebush_hills,6,2660,,x,x,x,x,x,x,x,x,x,feudal,C14,756
c_jarntu,6,2660,,x,x,x,x,x,x,x,x,x,feudal,C14,757
c_yuluputaji,6,2660,,x,x,x,x,x,x,x,x,x,feudal,C14,758
d_south_tanami,,2660,,x,x,x,x,x,x,x,x,x,feudal,NONE,759
c_tanami,6,2660,,x,x,x,x,x,x,x,x,x,feudal,C14,760
c_walangawanu,28,2660,,x,x,x,x,x,x,x,x,x,feudal,C9,761
c_wirliyajarrayl,28,2660,,x,x,x,x,x,x,x,x,x,feudal,C9,762
k_arandia,27,2660,,x,x,x,x,x,x,x,x,x,feudal,C8,763
d_yuendumu,27,2660,,x,x,x,x,x,x,x,x,x,feudal,C8,764
c_mala,27,2660,,x,x,x,x,x,x,x,x,x,feudal,C8,765
c_nungumanu,28,2660,,x,x,x,x,x,x,x,x,x,feudal,C9,766
c_yuendumu,27,2660,,x,x,x,x,x,x,x,x,x,feudal,C8,767
c_ngalurrtju,27,2660,,x,x,x,x,x,x,x,x,x,feudal,C8,768
d_pintupi,27,2660,,x,x,x,x,x,x,x,x,x,feudal,C8,769
c_lake_mackay,27,2660,,x,x,x,x,x,x,x,x,x,feudal,C8,770
c_nyirripi,27,2660,,x,x,x,x,x,x,x,x,x,feudal,C8,771
c_walunguru,26,2660,,x,x,x,x,x,x,x,x,x,feudal,C7,772
d_anmatyerre,,2660,,x,x,x,x,x,x,x,x,x,feudal,NONE,773
c_pawu,28,2660,,x,x,x,x,x,x,x,x,x,feudal,C9,774
c_wilora,5,2660,,x,x,x,x,x,x,x,x,x,feudal,C13,775
c_yuelamu,28,2660,,x,x,x,x,x,x,x,x,x,feudal,C9,776
c_pmara_jutunta,28,2660,,x,x,x,x,x,x,x,x,x,feudal,C9,777
c_alkwert,2,2660,,x,x,x,x,x,x,x,x,x,feudal,C10,778
d_alyawerre,,2660,,x,x,x,x,x,x,x,x,x,feudal,NONE,779
c_indaringinya,4,2660,,x,x,x,x,x,x,x,x,x,feudal,C12,780
c_ampilatwatja,4,2660,,x,x,x,x,x,x,x,x,x,feudal,C12,781
c_doratippra,3,2660,,x,x,x,x,x,x,x,x,x,feudal,C11,782
c_dulcie,2,2660,,x,x,x,x,x,x,x,x,x,feudal,C10,783
c_angarapa,2,2660,,x,x,x,x,x,x,x,x,x,feudal,C10,784
d_arrernte,,2660,,x,x,x,x,x,x,x,x,x,feudal,NONE,785
c_ruby_gap,25,2660,,x,x,x,x,x,x,x,x,x,feudal,C6,786
c_pmere_nyente,24,2660,,x,x,x,x,x,x,x,x,x,feudal,C5,787
c_old_andado,1,2660,,x,x,x,x,x,x,x,x,x,feudal,C1,788
c_aputula,1,2660,,x,x,x,x,x,x,x,x,x,feudal,C1,789
c_titjikala,1,2660,,x,x,x,x,x,x,x,x,x,feudal,C1,790
c_ltyentye_apurte,24,2660,,x,x,x,x,x,x,x,x,x,feudal,C5,791
d_alicia,25,2660,,x,x,x,x,x,x,x,x,x,feudal,C6,792
c_injulkama,25,2660,,x,x,x,x,x,x,x,x,x,feudal,C6,793
c_hart,25,2660,,x,x,x,x,x,x,x,x,x,feudal,C6,794
c_alice_springs,25,2660,,x,x,x,x,x,x,x,x,x,feudal,C6,795
c_tjoritja,23,2660,,x,x,x,x,x,x,x,x,x,feudal,C4,796
c_orange_creek,23,2660,,x,x,x,x,x,x,x,x,x,feudal,C4,797
d_luritja,22,2660,,x,x,x,x,x,x,x,x,x,feudal,C3,798
c_ikuntji,23,2660,,x,x,x,x,x,x,x,x,x,feudal,C4,799
c_mount_liebig,26,2660,,x,x,x,x,x,x,x,x,x,feudal,C7,800
c_katiti,22,2660,,x,x,x,x,x,x,x,x,x,feudal,C3,801
c_watarrka,22,2660,,x,x,x,x,x,x,x,x,x,feudal,C3,802
d_pitjantjatjara,12,2660,,x,x,x,x,x,x,x,x,x,feudal,C2,803
c_kaltukatjara,12,2660,,x,x,x,x,x,x,x,x,x,feudal,C2,804
c_uluru,22,2660,,x,x,x,x,x,x,x,x,x,feudal,C3,805
c_kurkutjara,12,2660,,x,x,x,x,x,x,x,x,x,feudal,C2,806
d_kulgera,,2660,,x,x,x,x,x,x,x,x,x,feudal,NONE,807
c_liddle_hills,22,2660,,x,x,x,x,x,x,x,x,x,feudal,C3,808
c_tipunynga,12,2660,,x,x,x,x,x,x,x,x,x,feudal,C2,809
c_erldunda,1,2660,,x,x,x,x,x,x,x,x,x,feudal,C1,810
c_kulgera,1,2660,,x,x,x,x,x,x,x,x,x,feudal,C1,811
e_great_worrorra,,2660,,x,x,x,x,x,x,x,x,x,feudal,NONE,812
k_darnhem,,2660,,x,x,x,x,x,x,x,x,x,feudal,NONE,813
d_darwin,17,2660,,x,x,x,x,x,x,x,x,x,feudal,C24,814
c_tiwi,21,2660,,x,x,x,x,x,x,x,x,x,feudal,C28,815
c_darwin,17,2660,,x,x,x,x,x,x,x,x,x,feudal,C24,816
c_litchfield,53,2660,,x,x,x,x,x,x,x,x,x,feudal,K1,817
c_pine_creek,17,2660,,x,x,x,x,x,x,x,x,x,feudal,C24,818
c_nauiyu,53,2660,,x,x,x,x,x,x,x,x,x,feudal,K1,819
d_kakadu,,2660,,x,x,x,x,x,x,x,x,x,feudal,NONE,820
c_swim_creek,17,2660,,x,x,x,x,x,x,x,x,x,feudal,C24,821
c_north_kakadu,17,2660,,x,x,x,x,x,x,x,x,x,feudal,C24,822
c_south_kakadu,17,2660,,x,x,x,x,x,x,x,x,x,feudal,C24,823
c_nitmiluk,15,2660,,x,x,x,x,x,x,x,x,x,feudal,C22,824
d_arnhem,18,2660,,x,x,x,x,x,x,x,x,x,feudal,C25,825
c_garig_gunak_barlu,18,2660,,x,x,x,x,x,x,x,x,x,feudal,C25,826
c_waldaboonar,18,2660,,x,x,x,x,x,x,x,x,x,feudal,C25,827
c_maningrida,18,2660,,x,x,x,x,x,x,x,x,x,feudal,C25,828
c_warddeken,18,2660,,x,x,x,x,x,x,x,x,x,feudal,C25,829
d_yolngu,19,2660,,x,x,x,x,x,x,x,x,x,feudal,C26,830
c_ramingining,19,2660,,x,x,x,x,x,x,x,x,x,feudal,C26,831
c_marthakal,19,2660,,x,x,x,x,x,x,x,x,x,feudal,C26,832
c_nhulunbuy,19,2660,,x,x,x,x,x,x,x,x,x,feudal,C26,833
c_nurnbulwar,19,2660,,x,x,x,x,x,x,x,x,x,feudal,C26,834
c_ngalkbun,19,2660,,x,x,x,x,x,x,x,x,x,feudal,C26,835
d_dangbon,16,2660,,x,x,x,x,x,x,x,x,x,feudal,C23,836
c_bulman,16,2660,,x,x,x,x,x,x,x,x,x,feudal,C23,837
c_arnhem_plateau,16,2660,,x,x,x,x,x,x,x,x,x,feudal,C23,838
c_urapunga,16,2660,,x,x,x,x,x,x,x,x,x,feudal,C23,839
d_carpentaria,,2660,,x,x,x,x,x,x,x,x,x,feudal,NONE,840
c_st_vidgeon,14,2660,,x,x,x,x,x,x,x,x,x,feudal,C21,841
c_angurugu,20,2660,,x,x,x,x,x,x,x,x,x,feudal,C27,842
k_gunwinjguan,,2660,,x,x,x,x,x,x,x,x,x,feudal,NONE,843
d_daly,15,2660,,x,x,x,x,x,x,x,x,x,feudal,C22,844
c_peppimenarti,53,2660,,x,x,x,x,x,x,x,x,x,feudal,K1,845
c_wagiman,15,2660,,x,x,x,x,x,x,x,x,x,feudal,C22,846
c_giwining,15,2660,,x,x,x,x,x,x,x,x,x,feudal,C22,847
c_yambarran_range,53,2660,,x,x,x,x,x,x,x,x,x,feudal,K1,848
c_gorrie,15,2660,,x,x,x,x,x,x,x,x,x,feudal,C22,849
d_sturt,15,2660,,x,x,x,x,x,x,x,x,x,feudal,C22,850
c_katherine,15,2660,,x,x,x,x,x,x,x,x,x,feudal,C22,851
c_daly_waters,15,2660,,x,x,x,x,x,x,x,x,x,feudal,C22,852
d_alawa,14,2660,,x,x,x,x,x,x,x,x,x,feudal,C21,853
c_minyerri,14,2660,,x,x,x,x,x,x,x,x,x,feudal,C21,854
c_alawa,14,2660,,x,x,x,x,x,x,x,x,x,feudal,C21,855
c_limmen,14,2660,,x,x,x,x,x,x,x,x,x,feudal,C21,856
c_tanumbirina,11,2660,,x,x,x,x,x,x,x,x,x,feudal,C19,857
c_billengarah,13,2660,,x,x,x,x,x,x,x,x,x,feudal,C20,858
d_cambridge_gulf,53,2660,,x,x,x,x,x,x,x,x,x,feudal,K1,859
c_keep_river,53,2660,,x,x,x,x,x,x,x,x,x,feudal,K1,860
c_kununurra,53,2660,,x,x,x,x,x,x,x,x,x,feudal,K1,861
c_lake_argyle,53,2660,,x,x,x,x,x,x,x,x,x,feudal,K1,862
c_horne_valley,53,2660,,x,x,x,x,x,x,x,x,x,feudal,K1,863
c_oombulgurri,53,2660,,x,x,x,x,x,x,x,x,x,feudal,K1,864
d_keep_river,53,2660,,x,x,x,x,x,x,x,x,x,feudal,K1,865
c_nagurunguru,53,2660,,x,x,x,x,x,x,x,x,x,feudal,K1,866
c_judbarra,53,2660,,x,x,x,x,x,x,x,x,x,feudal,K1,867
c_timber_creek,53,2660,,x,x,x,x,x,x,x,x,x,feudal,K1,868
c_yarralin,53,2660,,x,x,x,x,x,x,x,x,x,feudal,K1,869
c_darfu_darfu,53,2660,,x,x,x,x,x,x,x,x,x,feudal,K1,870
d_mudburra,,2660,,x,x,x,x,x,x,x,x,x,feudal,NONE,871
c_hidden_valley,15,2660,,x,x,x,x,x,x,x,x,x,feudal,C22,872
c_dirrjirrina,15,2660,,x,x,x,x,x,x,x,x,x,feudal,C22,873
c_wampana,10,2660,,x,x,x,x,x,x,x,x,x,feudal,C18,874
c_daguragu,10,2660,,x,x,x,x,x,x,x,x,x,feudal,C18,875
d_jingili_ngandji,,2660,,x,x,x,x,x,x,x,x,x,feudal,NONE,876
c_marlinja,11,2660,,x,x,x,x,x,x,x,x,x,feudal,C19,877
c_mungabroom,8,2660,,x,x,x,x,x,x,x,x,x,feudal,C16,878
c_mambaliya,8,2660,,x,x,x,x,x,x,x,x,x,feudal,C16,879
c_renner_springs,5,2660,,x,x,x,x,x,x,x,x,x,feudal,C13,880
k_kimberley,53,2660,,x,x,x,x,x,x,x,x,x,feudal,K1,881
d_timoria,53,2660,,x,x,x,x,x,x,x,x,x,feudal,K1,882
c_carson_river,53,2660,,x,x,x,x,x,x,x,x,x,feudal,K1,883
c_kalumburu,53,2660,,x,x,x,x,x,x,x,x,x,feudal,K1,884
c_drysdale,53,2660,,x,x,x,x,x,x,x,x,x,feudal,K1,885
c_couchman,53,2660,,x,x,x,x,x,x,x,x,x,feudal,K1,886
c_admiralty,54,2660,,x,x,x,x,x,x,x,x,x,feudal,K2,887
d_prince_regent,54,2660,,x,x,x,x,x,x,x,x,x,feudal,K2,888
c_prince_regent,54,2660,,x,x,x,x,x,x,x,x,x,feudal,K2,889
c_marunbabdi,54,2660,,x,x,x,x,x,x,x,x,x,feudal,K2,890
c_kunmunya,54,2660,,x,x,x,x,x,x,x,x,x,feudal,K2,891
c_pantijan,55,2660,,x,x,x,x,x,x,x,x,x,feudal,K3,892
c_synnot,56,2660,,x,x,x,x,x,x,x,x,x,feudal,K4,893
d_gibb_valley,,2660,,x,x,x,x,x,x,x,x,x,feudal,NONE,894
c_maitland,53,2660,,x,x,x,x,x,x,x,x,x,feudal,K1,895
c_ngallagunda,56,2660,,x,x,x,x,x,x,x,x,x,feudal,K4,896
c_mt_barnett,58,2660,,x,x,x,x,x,x,x,x,x,feudal,K6,897
c_kupungari,56,2660,,x,x,x,x,x,x,x,x,x,feudal,K4,898
c_narrie_range,58,2660,,x,x,x,x,x,x,x,x,x,feudal,K6,899
d_worla,59,2660,,x,x,x,x,x,x,x,x,x,feudal,K7,900
c_doon_doon,53,2660,,x,x,x,x,x,x,x,x,x,feudal,K1,901
c_violet_valley,59,2660,,x,x,x,x,x,x,x,x,x,feudal,K7,902
c_bedford_downs,59,2660,,x,x,x,x,x,x,x,x,x,feudal,K7,903
c_halls_creek,59,2660,,x,x,x,x,x,x,x,x,x,feudal,K7,904
c_purnululu,59,2660,,x,x,x,x,x,x,x,x,x,feudal,K7,905
d_margaret,57,2660,,x,x,x,x,x,x,x,x,x,feudal,K5,906
c_mueller_ranges,59,2660,,x,x,x,x,x,x,x,x,x,feudal,K7,907
c_mimbi_caves,59,2660,,x,x,x,x,x,x,x,x,x,feudal,K7,908
c_fitzroy_crossing,57,2660,,x,x,x,x,x,x,x,x,x,feudal,K5,909
d_leopold_ranges,55,2660,,x,x,x,x,x,x,x,x,x,feudal,K3,910
c_leopold_downs,57,2660,,x,x,x,x,x,x,x,x,x,feudal,K5,911
c_noonkanbah,57,2660,,x,x,x,x,x,x,x,x,x,feudal,K5,912
c_devonian_reef,55,2660,,x,x,x,x,x,x,x,x,x,feudal,K3,913
c_point_torment,55,2660,,x,x,x,x,x,x,x,x,x,feudal,K3,914
c_kimbolton,55,2660,,x,x,x,x,x,x,x,x,x,feudal,K3,915
e_murrurnitja,,2660,,x,x,x,x,x,x,x,x,x,feudal,NONE,916
k_kany,43,2660,,x,x,x,x,x,x,x,x,x,feudal,D22,917
d_djoorroyoon,43,2660,,x,x,x,x,x,x,x,x,x,feudal,D22,918
c_ngepaw,43,2660,,x,x,x,x,x,x,x,x,x,feudal,D22,919
c_yoorroniny,43,2660,,x,x,x,x,x,x,x,x,x,feudal,D22,920
c_yabengaak,43,2660,,x,x,x,x,x,x,x,x,x,feudal,D22,921
c_nyookookil,43,2660,,x,x,x,x,x,x,x,x,x,feudal,D22,922
c_baartelyoorre,43,2660,,x,x,x,x,x,x,x,x,x,feudal,D22,923
d_ngaadjo,43,2660,,x,x,x,x,x,x,x,x,x,feudal,D22,924
c_raadjaarra,43,2660,,x,x,x,x,x,x,x,x,x,feudal,D22,925
c_ngotjiwet,43,2660,,x,x,x,x,x,x,x,x,x,feudal,D22,926
c_yodjam,42,2660,,x,x,x,x,x,x,x,x,x,feudal,D21,927
d_wootjernong,44,2660,,x,x,x,x,x,x,x,x,x,feudal,D23,928
c_djotjoonyenyoo,43,2660,,x,x,x,x,x,x,x,x,x,feudal,D22,929
c_yamortaany,44,2660,,x,x,x,x,x,x,x,x,x,feudal,D23,930
c_bernamodjiny,44,2660,,x,x,x,x,x,x,x,x,x,feudal,D23,931
c_kooyeyoto,43,2660,,x,x,x,x,x,x,x,x,x,feudal,D22,932
d_roobaa,43,2660,,x,x,x,x,x,x,x,x,x,feudal,D22,933
c_dop,43,2660,,x,x,x,x,x,x,x,x,x,feudal,D22,934
c_djel,43,2660,,x,x,x,x,x,x,x,x,x,feudal,D22,935
c_yoortong,43,2660,,x,x,x,x,x,x,x,x,x,feudal,D22,936
c_djetongaarlomaa,43,2660,,x,x,x,x,x,x,x,x,x,feudal,D22,937
d_noorternam,,2660,,x,x,x,x,x,x,x,x,x,feudal,NONE,938
c_kil,38,2660,,x,x,x,x,x,x,x,x,x,feudal,D18,939
c_ngooli,39,2660,,x,x,x,x,x,x,x,x,x,feudal,D19,940
c_nap,38,2660,,x,x,x,x,x,x,x,x,x,feudal,D18,941
c_niyitaanyookaa,39,2660,,x,x,x,x,x,x,x,x,x,feudal,D19,942
d_diberinyipi,,2660,,x,x,x,x,x,x,x,x,x,feudal,NONE,943
c_matj,43,2660,,x,x,x,x,x,x,x,x,x,feudal,D22,944
c_bor,44,2660,,x,x,x,x,x,x,x,x,x,feudal,D23,945
c_ngarnolyaam,44,2660,,x,x,x,x,x,x,x,x,x,feudal,D23,946
c_kaarloor,41,2660,,x,x,x,x,x,x,x,x,x,feudal,D20,947
c_nyiponilyan,41,2660,,x,x,x,x,x,x,x,x,x,feudal,D20,948
d_nyedook,41,2660,,x,x,x,x,x,x,x,x,x,feudal,D20,949
c_djang,39,2660,,x,x,x,x,x,x,x,x,x,feudal,D19,950
c_yolirnaardetoo,41,2660,,x,x,x,x,x,x,x,x,x,feudal,D20,951
c_djerling,41,2660,,x,x,x,x,x,x,x,x,x,feudal,D20,952
c_dardoodjaa,41,2660,,x,x,x,x,x,x,x,x,x,feudal,D20,953
k_kenetjaa,37,2660,,x,x,x,x,x,x,x,x,x,feudal,D17,954
d_yertaangimo,45,2660,,x,x,x,x,x,x,x,x,x,feudal,D24,955
c_roordool,45,2660,,x,x,x,x,x,x,x,x,x,feudal,D24,956
c_ningirdideny,45,2660,,x,x,x,x,x,x,x,x,x,feudal,D24,957
c_yayong,44,2660,,x,x,x,x,x,x,x,x,x,feudal,D23,958
c_mootjirdedjeng,45,2660,,x,x,x,x,x,x,x,x,x,feudal,D24,959
c_baardemirriri,45,2660,,x,x,x,x,x,x,x,x,x,feudal,D24,960
d_morlaabalyoo,37,2660,,x,x,x,x,x,x,x,x,x,feudal,D17,961
c_yaayemiboo,37,2660,,x,x,x,x,x,x,x,x,x,feudal,D17,962
c_yibakiw,37,2660,,x,x,x,x,x,x,x,x,x,feudal,D17,963
c_wingotj,37,2660,,x,x,x,x,x,x,x,x,x,feudal,D17,964
c_ngon,37,2660,,x,x,x,x,x,x,x,x,x,feudal,D17,965
c_wara,37,2660,,x,x,x,x,x,x,x,x,x,feudal,D17,966
d_yootjoorloorra,37,2660,,x,x,x,x,x,x,x,x,x,feudal,D17,967
c_ngorlany,37,2660,,x,x,x,x,x,x,x,x,x,feudal,D17,968
c_dookinaayoo,37,2660,,x,x,x,x,x,x,x,x,x,feudal,D17,969
c_nony,37,2660,,x,x,x,x,x,x,x,x,x,feudal,D17,970
c_woordootj,37,2660,,x,x,x,x,x,x,x,x,x,feudal,D17,971
d_bangadaanyo,37,2660,,x,x,x,x,x,x,x,x,x,feudal,D17,972
c_yatjiyepon,37,2660,,x,x,x,x,x,x,x,x,x,feudal,D17,973
c_namok,36,2660,,x,x,x,x,x,x,x,x,x,feudal,D16,974
c_ratj,37,2660,,x,x,x,x,x,x,x,x,x,feudal,D17,975
c_roorlerloodjip,37,2660,,x,x,x,x,x,x,x,x,x,feudal,D17,976
c_ngarngaa,36,2660,,x,x,x,x,x,x,x,x,x,feudal,D16,977
d_nyaaronorlong,37,2660,,x,x,x,x,x,x,x,x,x,feudal,D17,978
c_metarnadjadaa,37,2660,,x,x,x,x,x,x,x,x,x,feudal,D17,979
c_ronyipoom,37,2660,,x,x,x,x,x,x,x,x,x,feudal,D17,980
c_korlaanyiw,37,2660,,x,x,x,x,x,x,x,x,x,feudal,D17,981
c_kedirlo,37,2660,,x,x,x,x,x,x,x,x,x,feudal,D17,982
c_noorrordaaw,37,2660,,x,x,x,x,x,x,x,x,x,feudal,D17,983
k_danoort,47,2660,,x,x,x,x,x,x,x,x,x,feudal,D4,984
d_dinyangerroo,,2660,,x,x,x,x,x,x,x,x,x,feudal,NONE,985
c_maardony,36,2660,,x,x,x,x,x,x,x,x,x,feudal,D16,986
c_roorlatetooro,34,2660,,x,x,x,x,x,x,x,x,x,feudal,D14,987
c_yonyi,33,2660,,x,x,x,x,x,x,x,x,x,feudal,D13,988
d_rer,31,2660,,x,x,x,x,x,x,x,x,x,feudal,D11,989
c_ngirtenye,34,2660,,x,x,x,x,x,x,x,x,x,feudal,D14,990
c_rirnapipaang,31,2660,,x,x,x,x,x,x,x,x,x,feudal,D11,991
c_djinoot,31,2660,,x,x,x,x,x,x,x,x,x,feudal,D11,992
c_relyotoorraarlo,30,2660,,x,x,x,x,x,x,x,x,x,feudal,D10,993
c_baanooralyang,30,2660,,x,x,x,x,x,x,x,x,x,feudal,D10,994
d_noodjodaa,,2660,,x,x,x,x,x,x,x,x,x,feudal,NONE,995
c_boopoo,52,2660,,x,x,x,x,x,x,x,x,x,feudal,D9,996
c_kit,31,2660,,x,x,x,x,x,x,x,x,x,feudal,D11,997
c_nyit,47,2660,,x,x,x,x,x,x,x,x,x,feudal,D4,998
c_daawordibe,49,2660,,x,x,x,x,x,x,x,x,x,feudal,D6,999
c_dolyornero,47,2660,,x,x,x,x,x,x,x,x,x,feudal,D4,1000
d_yepomaarroom,47,2660,,x,x,x,x,x,x,x,x,x,feudal,D4,1001
c_rangernemerta,47,2660,,x,x,x,x,x,x,x,x,x,feudal,D4,1002
c_wanaanyaa,47,2660,,x,x,x,x,x,x,x,x,x,feudal,D4,1003
c_kaarlong,47,2660,,x,x,x,x,x,x,x,x,x,feudal,D4,1004
d_bebow,47,2660,,x,x,x,x,x,x,x,x,x,feudal,D4,1005
c_djinyoongaatjinaa,47,2660,,x,x,x,x,x,x,x,x,x,feudal,D4,1006
c_maat,47,2660,,x,x,x,x,x,x,x,x,x,feudal,D4,1007
c_din,47,2660,,x,x,x,x,x,x,x,x,x,feudal,D4,1008
k_waarrawa,,2660,,x,x,x,x,x,x,x,x,x,feudal,NONE,1009
d_nyodjaanyoorimi,47,2660,,x,x,x,x,x,x,x,x,x,feudal,D4,1010
c_naakaarroyi,47,2660,,x,x,x,x,x,x,x,x,x,feudal,D4,1011
c_baaron,47,2660,,x,x,x,x,x,x,x,x,x,feudal,D4,1012
c_dirne,46,2660,,x,x,x,x,x,x,x,x,x,feudal,D3,1013
c_nyert,47,2660,,x,x,x,x,x,x,x,x,x,feudal,D4,1014
c_ngoorgogjoodalya,46,2660,,x,x,x,x,x,x,x,x,x,feudal,D3,1015
d_yokil,29,2660,,x,x,x,x,x,x,x,x,x,feudal,D1,1016
c_wengiw,29,2660,,x,x,x,x,x,x,x,x,x,feudal,D1,1017
c_nyootaarro,29,2660,,x,x,x,x,x,x,x,x,x,feudal,D1,1018
c_nyowilying,29,2660,,x,x,x,x,x,x,x,x,x,feudal,D1,1019
c_waapele,29,2660,,x,x,x,x,x,x,x,x,x,feudal,D1,1020
c_mayotje,40,2660,,x,x,x,x,x,x,x,x,x,feudal,D2,1021
d_wonganengirne,,2660,,x,x,x,x,x,x,x,x,x,feudal,NONE,1022
c_nelyoorraadjiny,46,2660,,x,x,x,x,x,x,x,x,x,feudal,D3,1023
c_detatjopaarle,48,2660,,x,x,x,x,x,x,x,x,x,feudal,D5,1024
c_dangertano,50,2660,,x,x,x,x,x,x,x,x,x,feudal,D7,1025
c_baadjaa,48,2660,,x,x,x,x,x,x,x,x,x,feudal,D5,1026
c_kirtonga,51,2660,,x,x,x,x,x,x,x,x,x,feudal,D8,1027
d_bewelyalyadje,51,2660,,x,x,x,x,x,x,x,x,x,feudal,D8,1028
c_nyertoorlonyaa,50,2660,,x,x,x,x,x,x,x,x,x,feudal,D7,1029
c_boonerrertaang,51,2660,,x,x,x,x,x,x,x,x,x,feudal,D8,1030
c_nyidarlilap,51,2660,,x,x,x,x,x,x,x,x,x,feudal,D8,1031
k_ngirrol,32,2660,,x,x,x,x,x,x,x,x,x,feudal,D12,1032
d_mingoke,32,2660,,x,x,x,x,x,x,x,x,x,feudal,D12,1033
c_kanitanyo,32,2660,,x,x,x,x,x,x,x,x,x,feudal,D12,1034
c_romirawoo,32,2660,,x,x,x,x,x,x,x,x,x,feudal,D12,1035
c_jaskiushdad,32,2660,,x,x,x,x,x,x,x,x,x,feudal,D12,1036
c_ring,32,2660,,x,x,x,x,x,x,x,x,x,feudal,D12,1037
d_rela,50,2660,,x,x,x,x,x,x,x,x,x,feudal,D7,1038
c_noodamaatote,50,2660,,x,x,x,x,x,x,x,x,x,feudal,D7,1039
c_kornaatjaarnoyi,50,2660,,x,x,x,x,x,x,x,x,x,feudal,D7,1040
c_kartelyetjo,50,2660,,x,x,x,x,x,x,x,x,x,feudal,D7,1041
c_raanong,50,2660,,x,x,x,x,x,x,x,x,x,feudal,D7,1042
c_didjapootjeny,50,2660,,x,x,x,x,x,x,x,x,x,feudal,D7,1043
d_dolyoolyeko,32,2660,,x,x,x,x,x,x,x,x,x,feudal,D12,1044
c_kobedjorromaa,32,2660,,x,x,x,x,x,x,x,x,x,feudal,D12,1045
c_nem,32,2660,,x,x,x,x,x,x,x,x,x,feudal,D12,1046
c_bewawebet,32,2660,,x,x,x,x,x,x,x,x,x,feudal,D12,1047
c_rapina,32,2660,,x,x,x,x,x,x,x,x,x,feudal,D12,1048
d_ngirliw,35,2660,,x,x,x,x,x,x,x,x,x,feudal,D15,1049
c_nert,35,2660,,x,x,x,x,x,x,x,x,x,feudal,D15,1050
c_kortelyitotj,35,2660,,x,x,x,x,x,x,x,x,x,feudal,D15,1051
c_den,41,2660,,x,x,x,x,x,x,x,x,x,feudal,D20,1052
c_barlanyetjotjaa,32,2660,,x,x,x,x,x,x,x,x,x,feudal,D12,1053
e_pilbara,,2660,,x,x,x,x,x,x,x,x,x,feudal,NONE,1054
k_north_pilbara,,2660,,x,x,x,x,x,x,x,x,x,feudal,NONE,1055
d_nyamal,,2660,,x,x,x,x,x,x,x,x,x,feudal,NONE,1056
c_south_beach,63,2660,,x,x,x,x,x,x,x,x,x,feudal,P12,1057
c_yarrie_mine,65,2660,,x,x,x,x,x,x,x,x,x,feudal,P14,1058
c_port_hedland,63,2660,,x,x,x,x,x,x,x,x,x,feudal,P12,1059
c_marble_bar,65,2660,,x,x,x,x,x,x,x,x,x,feudal,P14,1060
c_nullagine,65,2660,,x,x,x,x,x,x,x,x,x,feudal,P14,1061
d_sandy_gates,65,2660,,x,x,x,x,x,x,x,x,x,feudal,P14,1062
c_skull_springs,65,2660,,x,x,x,x,x,x,x,x,x,feudal,P14,1063
c_mount_divide,65,2660,,x,x,x,x,x,x,x,x,x,feudal,P14,1064
c_roy_hill,64,2660,,x,x,x,x,x,x,x,x,x,feudal,P13,1065
c_jigalong,64,2660,,x,x,x,x,x,x,x,x,x,feudal,P13,1066
c_bonney_downs,64,2660,,x,x,x,x,x,x,x,x,x,feudal,P13,1067
d_ophthalmia,64,2660,,x,x,x,x,x,x,x,x,x,feudal,P13,1068
c_yandcoogina,64,2660,,x,x,x,x,x,x,x,x,x,feudal,P13,1069
c_newman,64,2660,,x,x,x,x,x,x,x,x,x,feudal,P13,1070
c_dingo,61,2660,,x,x,x,x,x,x,x,x,x,feudal,P10,1071
c_prairie_downs,64,2660,,x,x,x,x,x,x,x,x,x,feudal,P13,1072
c_capricorn,63,2660,,x,x,x,x,x,x,x,x,x,feudal,P12,1073
d_hamersley,,2660,,x,x,x,x,x,x,x,x,x,feudal,NONE,1074
c_karijini,63,2660,,x,x,x,x,x,x,x,x,x,feudal,P12,1075
c_tom_price,63,2660,,x,x,x,x,x,x,x,x,x,feudal,P12,1076
c_paraburdoo,63,2660,,x,x,x,x,x,x,x,x,x,feudal,P12,1077
c_pannawonica,62,2660,,x,x,x,x,x,x,x,x,x,feudal,P11,1078
c_woorocoonda,62,2660,,x,x,x,x,x,x,x,x,x,feudal,P11,1079
d_ngarluma,63,2660,,x,x,x,x,x,x,x,x,x,feudal,P12,1080
c_sherlock,63,2660,,x,x,x,x,x,x,x,x,x,feudal,P12,1081
c_croydon_town,63,2660,,x,x,x,x,x,x,x,x,x,feudal,P12,1082
c_mungaroona,63,2660,,x,x,x,x,x,x,x,x,x,feudal,P12,1083
c_hooley,63,2660,,x,x,x,x,x,x,x,x,x,feudal,P12,1084
c_millstream,62,2660,,x,x,x,x,x,x,x,x,x,feudal,P11,1085
c_karratha,62,2660,,x,x,x,x,x,x,x,x,x,feudal,P11,1086
k_gascoyne,,2660,,x,x,x,x,x,x,x,x,x,feudal,NONE,1087
d_talandji_mardie,62,2660,,x,x,x,x,x,x,x,x,x,feudal,P11,1088
c_fortescue,62,2660,,x,x,x,x,x,x,x,x,x,feudal,P11,1089
c_onslow,62,2660,,x,x,x,x,x,x,x,x,x,feudal,P11,1090
c_giralia,62,2660,,x,x,x,x,x,x,x,x,x,feudal,P11,1091
c_emu_creek,62,2660,,x,x,x,x,x,x,x,x,x,feudal,P11,1092
d_the_bulge,73,2660,,x,x,x,x,x,x,x,x,x,feudal,P9,1093
c_exmouth,62,2660,,x,x,x,x,x,x,x,x,x,feudal,P11,1094
c_winning,62,2660,,x,x,x,x,x,x,x,x,x,feudal,P11,1095
c_mrilya_bridge,73,2660,,x,x,x,x,x,x,x,x,x,feudal,P9,1096
c_macleod,73,2660,,x,x,x,x,x,x,x,x,x,feudal,P9,1097
c_carnarvon_town,73,2660,,x,x,x,x,x,x,x,x,x,feudal,P9,1098
c_inggarda,73,2660,,x,x,x,x,x,x,x,x,x,feudal,P9,1099
d_lyonia,70,2660,,x,x,x,x,x,x,x,x,x,feudal,P6,1100
c_barlee,62,2660,,x,x,x,x,x,x,x,x,x,feudal,P11,1101
c_ullawara,63,2660,,x,x,x,x,x,x,x,x,x,feudal,P12,1102
c_kennedy_range,62,2660,,x,x,x,x,x,x,x,x,x,feudal,P11,1103
c_gifford,70,2660,,x,x,x,x,x,x,x,x,x,feudal,P6,1104
c_lyons_river,70,2660,,x,x,x,x,x,x,x,x,x,feudal,P6,1105
d_wooramel_riverlands,,2660,,x,x,x,x,x,x,x,x,x,feudal,NONE,1106
c_wooramel,69,2660,,x,x,x,x,x,x,x,x,x,feudal,P5,1107
c_gilroyd,69,2660,,x,x,x,x,x,x,x,x,x,feudal,P5,1108
c_dairy_creek,70,2660,,x,x,x,x,x,x,x,x,x,feudal,P6,1109
c_milly_milly,70,2660,,x,x,x,x,x,x,x,x,x,feudal,P6,1110
d_yamatji,60,2660,,x,x,x,x,x,x,x,x,x,feudal,P1,1111
c_peron,69,2660,,x,x,x,x,x,x,x,x,x,feudal,P5,1112
c_toolonga,60,2660,,x,x,x,x,x,x,x,x,x,feudal,P1,1113
c_nookawarra,60,2660,,x,x,x,x,x,x,x,x,x,feudal,P1,1114
c_billabalong,60,2660,,x,x,x,x,x,x,x,x,x,feudal,P1,1115
c_pinegrove,60,2660,,x,x,x,x,x,x,x,x,x,feudal,P1,1116
k_midwest,,2660,,x,x,x,x,x,x,x,x,x,feudal,NONE,1117
d_kenneth,,2660,,x,x,x,x,x,x,x,x,x,feudal,NONE,1118
c_wanna,63,2660,,x,x,x,x,x,x,x,x,x,feudal,P12,1119
c_mount_vernon,63,2660,,x,x,x,x,x,x,x,x,x,feudal,P12,1120
c_mount_augustus,71,2660,,x,x,x,x,x,x,x,x,x,feudal,P7,1121
d_collier_range,72,2660,,x,x,x,x,x,x,x,x,x,feudal,P8,1122
c_mulgui,72,2660,,x,x,x,x,x,x,x,x,x,feudal,P8,1123
c_collier,72,2660,,x,x,x,x,x,x,x,x,x,feudal,P8,1124
c_neds_creek,68,2660,,x,x,x,x,x,x,x,x,x,feudal,P4,1125
c_bryah,72,2660,,x,x,x,x,x,x,x,x,x,feudal,P8,1126
c_doolgunna,72,2660,,x,x,x,x,x,x,x,x,x,feudal,P8,1127
d_gascoyne,,2660,,x,x,x,x,x,x,x,x,x,feudal,NONE,1128
c_clare,71,2660,,x,x,x,x,x,x,x,x,x,feudal,P7,1129
c_landor,70,2660,,x,x,x,x,x,x,x,x,x,feudal,P6,1130
c_mount_gould,66,2660,,x,x,x,x,x,x,x,x,x,feudal,P2,1131
c_beringarra,66,2660,,x,x,x,x,x,x,x,x,x,feudal,P2,1132
c_buttah,66,2660,,x,x,x,x,x,x,x,x,x,feudal,P2,1133
d_weld,66,2660,,x,x,x,x,x,x,x,x,x,feudal,P2,1134
c_mt_wittenoom,66,2660,,x,x,x,x,x,x,x,x,x,feudal,P2,1135
c_meekatharra,66,2660,,x,x,x,x,x,x,x,x,x,feudal,P2,1136
c_dalgaranga,66,2660,,x,x,x,x,x,x,x,x,x,feudal,P2,1137
c_cogla,67,2660,,x,x,x,x,x,x,x,x,x,feudal,P3,1138
c_wondinong,66,2660,,x,x,x,x,x,x,x,x,x,feudal,P2,1139
d_emu,68,2660,,x,x,x,x,x,x,x,x,x,feudal,P4,1140
c_walgi_gunya,67,2660,,x,x,x,x,x,x,x,x,x,feudal,P3,1141
c_north_pool,68,2660,,x,x,x,x,x,x,x,x,x,feudal,P4,1142
c_keith,68,2660,,x,x,x,x,x,x,x,x,x,feudal,P4,1143
c_depot_springs,68,2660,,x,x,x,x,x,x,x,x,x,feudal,P4,1144
c_mount_goode,29,2660,,x,x,x,x,x,x,x,x,x,feudal,D1,1145
k_goldoria,29,2660,,x,x,x,x,x,x,x,x,x,feudal,D1,1146
d_thundelarra,,2660,,x,x,x,x,x,x,x,x,x,feudal,NONE,1147
c_yalgoo,141,2660,,x,x,x,x,x,x,x,x,x,feudal,SW15,1148
c_mount_magnet,143,2660,,x,x,x,x,x,x,x,x,x,feudal,SW17,1149
c_thundelarra,141,2660,,x,x,x,x,x,x,x,x,x,feudal,SW15,1150
c_paynes_find,140,2660,,x,x,x,x,x,x,x,x,x,feudal,SW14,1151
d_karroun,140,2660,,x,x,x,x,x,x,x,x,x,feudal,SW14,1152
c_windsor,143,2660,,x,x,x,x,x,x,x,x,x,feudal,SW17,1153
c_lake_barlee,140,2660,,x,x,x,x,x,x,x,x,x,feudal,SW14,1154
c_karroun_hill,140,2660,,x,x,x,x,x,x,x,x,x,feudal,SW14,1155
c_bonnie_rock,140,2660,,x,x,x,x,x,x,x,x,x,feudal,SW14,1156
d_leinster,29,2660,,x,x,x,x,x,x,x,x,x,feudal,D1,1157
c_leinster,29,2660,,x,x,x,x,x,x,x,x,x,feudal,D1,1158
c_little_mill,29,2660,,x,x,x,x,x,x,x,x,x,feudal,D1,1159
c_cosmo_newberry,29,2660,,x,x,x,x,x,x,x,x,x,feudal,D1,1160
c_leonora,29,2660,,x,x,x,x,x,x,x,x,x,feudal,D1,1161
c_adelong,29,2660,,x,x,x,x,x,x,x,x,x,feudal,D1,1162
d_laverton,29,2660,,x,x,x,x,x,x,x,x,x,feudal,D1,1163
c_laverton,29,2660,,x,x,x,x,x,x,x,x,x,feudal,D1,1164
c_yundamindera,29,2660,,x,x,x,x,x,x,x,x,x,feudal,D1,1165
c_yurila,29,2660,,x,x,x,x,x,x,x,x,x,feudal,D1,1166
c_pinjin,137,2660,,x,x,x,x,x,x,x,x,x,feudal,SW11,1167
c_queen_victoria_spring,137,2660,,x,x,x,x,x,x,x,x,x,feudal,SW11,1168
d_kalgoorlie,138,2660,,x,x,x,x,x,x,x,x,x,feudal,SW12,1169
c_mt_manning,138,2660,,x,x,x,x,x,x,x,x,x,feudal,SW12,1170
c_davyhurst,138,2660,,x,x,x,x,x,x,x,x,x,feudal,SW12,1171
c_canegrass,138,2660,,x,x,x,x,x,x,x,x,x,feudal,SW12,1172
c_koolyanobbing,148,2660,,x,x,x,x,x,x,x,x,x,feudal,SW8,1173
c_boorabbin,138,2660,,x,x,x,x,x,x,x,x,x,feudal,SW12,1174
c_kalgoorlie_boulder,138,2660,,x,x,x,x,x,x,x,x,x,feudal,SW12,1175
d_timberland,136,2660,,x,x,x,x,x,x,x,x,x,feudal,SW10,1176
c_gindalbie,138,2660,,x,x,x,x,x,x,x,x,x,feudal,SW12,1177
c_kambalda,138,2660,,x,x,x,x,x,x,x,x,x,feudal,SW12,1178
c_chifley,136,2660,,x,x,x,x,x,x,x,x,x,feudal,SW10,1179
c_madpoona,136,2660,,x,x,x,x,x,x,x,x,x,feudal,SW10,1180
c_zanthus,136,2660,,x,x,x,x,x,x,x,x,x,feudal,SW10,1181
e_perthia,148,2660,,x,x,x,x,x,x,x,x,x,feudal,SW8,1182
k_the_spike,,2660,,x,x,x,x,x,x,x,x,x,feudal,NONE,1183
d_zuytdorp,142,2660,,x,x,x,x,x,x,x,x,x,feudal,SW16,1184
c_carrarang,142,2660,,x,x,x,x,x,x,x,x,x,feudal,SW16,1185
c_kalbarri,142,2660,,x,x,x,x,x,x,x,x,x,feudal,SW16,1186
c_geraldton,139,2660,,x,x,x,x,x,x,x,x,x,feudal,SW13,1187
d_langustine,139,2660,,x,x,x,x,x,x,x,x,x,feudal,SW13,1188
c_dongara,139,2660,,x,x,x,x,x,x,x,x,x,feudal,SW13,1189
c_morawa,139,2660,,x,x,x,x,x,x,x,x,x,feudal,SW13,1190
c_coorow,139,2660,,x,x,x,x,x,x,x,x,x,feudal,SW13,1191
c_cadoux,139,2660,,x,x,x,x,x,x,x,x,x,feudal,SW13,1192
d_swan,,2660,,x,x,x,x,x,x,x,x,x,feudal,NONE,1193
c_capamauro,139,2660,,x,x,x,x,x,x,x,x,x,feudal,SW13,1194
c_cataby,139,2660,,x,x,x,x,x,x,x,x,x,feudal,SW13,1195
c_moora,139,2660,,x,x,x,x,x,x,x,x,x,feudal,SW13,1196
k_southwest,,2660,,x,x,x,x,x,x,x,x,x,feudal,NONE,1197
d_perthian_march,148,2660,,x,x,x,x,x,x,x,x,x,feudal,SW8,1198
c_bencubbin,148,2660,,x,x,x,x,x,x,x,x,x,feudal,SW8,1199
c_dowerin,148,2660,,x,x,x,x,x,x,x,x,x,feudal,SW8,1200
c_mooring_rock,148,2660,,x,x,x,x,x,x,x,x,x,feudal,SW8,1201
c_merredin,148,2660,,x,x,x,x,x,x,x,x,x,feudal,SW8,1202
c_dangin,148,2660,,x,x,x,x,x,x,x,x,x,feudal,SW8,1203
d_perth,148,2660,,x,x,x,x,x,x,x,x,x,feudal,SW8,1204
c_gingin,148,2660,,x,x,x,x,x,x,x,x,x,feudal,SW8,1205
c_northam,148,2660,,x,x,x,x,x,x,x,x,x,feudal,SW8,1206
c_perth,148,2660,,x,x,x,x,x,x,x,x,x,feudal,SW8,1207
c_narrogin,148,2660,,x,x,x,x,x,x,x,x,x,feudal,SW8,1208
c_mandurah,148,2660,,x,x,x,x,x,x,x,x,x,feudal,SW8,1209
d_geographe,135,2660,,x,x,x,x,x,x,x,x,x,feudal,SW1,1210
c_bunbury,135,2660,,x,x,x,x,x,x,x,x,x,feudal,SW1,1211
c_wagin,135,2660,,x,x,x,x,x,x,x,x,x,feudal,SW1,1212
c_margaret_river,135,2660,,x,x,x,x,x,x,x,x,x,feudal,SW1,1213
d_blackwood_valley,142,2660,,x,x,x,x,x,x,x,x,x,feudal,SW2,1214
c_bridgetown,135,2660,,x,x,x,x,x,x,x,x,x,feudal,SW1,1215
c_kojonup,142,2660,,x,x,x,x,x,x,x,x,x,feudal,SW2,1216
c_mt_barker,142,2660,,x,x,x,x,x,x,x,x,x,feudal,SW2,1217
c_albany,142,2660,,x,x,x,x,x,x,x,x,x,feudal,SW2,1218
d_landsend,148,2660,,x,x,x,x,x,x,x,x,x,feudal,SW8,1219
c_hyden,148,2660,,x,x,x,x,x,x,x,x,x,feudal,SW8,1220
c_lake_biddy,148,2660,,x,x,x,x,x,x,x,x,x,feudal,SW8,1221
c_jitarning,148,2660,,x,x,x,x,x,x,x,x,x,feudal,SW8,1222
d_hopetoun,143,2660,,x,x,x,x,x,x,x,x,x,feudal,SW3,1223
c_lake_magenta,143,2660,,x,x,x,x,x,x,x,x,x,feudal,SW3,1224
c_cape_riche,142,2660,,x,x,x,x,x,x,x,x,x,feudal,SW2,1225
c_fitzgerald_river,143,2660,,x,x,x,x,x,x,x,x,x,feudal,SW3,1226
c_dunn_rock,143,2660,,x,x,x,x,x,x,x,x,x,feudal,SW3,1227
k_esperance,,2660,,x,x,x,x,x,x,x,x,x,feudal,NONE,1228
d_goldfields,148,2660,,x,x,x,x,x,x,x,x,x,feudal,SW8,1229
c_jilbadj,148,2660,,x,x,x,x,x,x,x,x,x,feudal,SW8,1230
c_yellowdine,138,2660,,x,x,x,x,x,x,x,x,x,feudal,SW12,1231
c_goldfields_woodlands,149,2660,,x,x,x,x,x,x,x,x,x,feudal,SW9,1232
c_holt_rock,148,2660,,x,x,x,x,x,x,x,x,x,feudal,SW8,1233
d_grass_patch,149,2660,,x,x,x,x,x,x,x,x,x,feudal,SW9,1234
c_bremer,149,2660,,x,x,x,x,x,x,x,x,x,feudal,SW9,1235
c_norseman,149,2660,,x,x,x,x,x,x,x,x,x,feudal,SW9,1236
c_grass_patch,147,2660,,x,x,x,x,x,x,x,x,x,feudal,SW7,1237
c_dundas_nature_reserve,136,2660,,x,x,x,x,x,x,x,x,x,feudal,SW10,1238
c_balladonia,136,2660,,x,x,x,x,x,x,x,x,x,feudal,SW10,1239
d_recherche,145,2660,,x,x,x,x,x,x,x,x,x,feudal,SW5,1240
c_ravensthorpe,144,2660,,x,x,x,x,x,x,x,x,x,feudal,SW4,1241
c_munglinup,144,2660,,x,x,x,x,x,x,x,x,x,feudal,SW4,1242
c_esperance,145,2660,,x,x,x,x,x,x,x,x,x,feudal,SW5,1243
d_cape_arid,146,2660,,x,x,x,x,x,x,x,x,x,feudal,SW6,1244
c_boyatup,147,2660,,x,x,x,x,x,x,x,x,x,feudal,SW7,1245
c_demposte,146,2660,,x,x,x,x,x,x,x,x,x,feudal,SW6,1246
c_cape_arid,146,2660,,x,x,x,x,x,x,x,x,x,feudal,SW6,1247
